id,date,price,stock_id
1,27/12/2011,1.5663,14
2,28/12/2011,1.548,14
3,29/12/2011,1.5399,14
4,30/12/2011,1.5543,14
5,02/01/2012,1.5505,14
6,03/01/2012,1.5648,14
7,04/01/2012,1.5631,14
8,05/01/2012,1.5495,14
9,06/01/2012,1.5426,14
10,09/01/2012,1.5425,14
11,10/01/2012,1.5481,14
12,11/01/2012,1.5331,14
13,12/01/2012,1.5339,14
14,13/01/2012,1.5318,14
15,16/01/2012,1.5324,14
16,17/01/2012,1.535,14
17,18/01/2012,1.5426,14
18,19/01/2012,1.5465,14
19,20/01/2012,1.5576,14
20,23/01/2012,1.5573,14
21,24/01/2012,1.5601,14
22,25/01/2012,1.5614,14
23,26/01/2012,1.5708,14
24,27/01/2012,1.5729,14
25,30/01/2012,1.5686,14
26,31/01/2012,1.5749,14
27,01/02/2012,1.5846,14
28,02/02/2012,1.581,14
29,03/02/2012,1.5815,14
30,06/02/2012,1.5821,14
31,07/02/2012,1.5898,14
32,08/02/2012,1.5829,14
33,09/02/2012,1.5834,14
34,10/02/2012,1.5755,14
35,13/02/2012,1.578,14
36,14/02/2012,1.5676,14
37,15/02/2012,1.5702,14
38,16/02/2012,1.5784,14
39,17/02/2012,1.5828,14
40,20/02/2012,1.5846,14
41,21/02/2012,1.5796,14
42,22/02/2012,1.5664,14
43,23/02/2012,1.5704,14
44,24/02/2012,1.5875,14
45,27/02/2012,1.5843,14
46,28/02/2012,1.5881,14
47,29/02/2012,1.5937,14
48,01/03/2012,1.5948,14
49,02/03/2012,1.5835,14
50,05/03/2012,1.5867,14
51,06/03/2012,1.5713,14
52,07/03/2012,1.5739,14
53,08/03/2012,1.582,14
54,09/03/2012,1.5674,14
55,12/03/2012,1.5635,14
56,13/03/2012,1.5722,14
57,14/03/2012,1.5665,14
58,15/03/2012,1.5725,14
59,16/03/2012,1.5844,14
60,19/03/2012,1.5903,14
61,20/03/2012,1.5863,14
62,21/03/2012,1.5852,14
63,22/03/2012,1.5815,14
64,23/03/2012,1.5869,14
65,26/03/2012,1.5943,14
66,27/03/2012,1.5965,14
67,28/03/2012,1.5866,14
68,29/03/2012,1.5921,14
69,30/03/2012,1.6008,14
70,02/04/2012,1.6018,14
71,03/04/2012,1.5968,14
72,04/04/2012,1.5879,14
73,05/04/2012,1.5826,14
74,06/04/2012,1.5871,14
75,09/04/2012,1.5914,14
76,10/04/2012,1.5853,14
77,11/04/2012,1.5911,14
78,12/04/2012,1.5958,14
79,13/04/2012,1.5847,14
80,16/04/2012,1.589,14
81,17/04/2012,1.5932,14
82,18/04/2012,1.602,14
83,19/04/2012,1.6054,14
84,20/04/2012,1.6123,14
85,23/04/2012,1.6119,14
86,24/04/2012,1.6132,14
87,25/04/2012,1.6148,14
88,26/04/2012,1.6185,14
89,27/04/2012,1.6265,14
90,30/04/2012,1.6234,14
91,01/05/2012,1.6219,14
92,02/05/2012,1.6196,14
93,03/05/2012,1.6183,14
94,04/05/2012,1.6151,14
95,07/05/2012,1.6192,14
96,08/05/2012,1.6156,14
97,09/05/2012,1.6131,14
98,10/05/2012,1.616,14
99,11/05/2012,1.6069,14
100,14/05/2012,1.6107,14
101,15/05/2012,1.602,14
102,16/05/2012,1.5944,14
103,17/05/2012,1.5827,14
104,18/05/2012,1.5817,14
105,21/05/2012,1.5803,14
106,22/05/2012,1.5783,14
107,23/05/2012,1.5689,14
108,24/05/2012,1.5668,14
109,25/05/2012,1.5667,14
110,28/05/2012,1.5678,14
111,29/05/2012,1.5629,14
112,30/05/2012,1.5524,14
113,31/05/2012,1.5417,14
114,01/06/2012,1.5363,14
115,04/06/2012,1.5368,14
116,05/06/2012,1.5356,14
117,06/06/2012,1.5478,14
118,07/06/2012,1.5547,14
119,08/06/2012,1.5474,14
120,11/06/2012,1.5494,14
121,12/06/2012,1.5563,14
122,13/06/2012,1.5553,14
123,14/06/2012,1.5527,14
124,15/06/2012,1.5715,14
125,18/06/2012,1.5654,14
126,19/06/2012,1.5731,14
127,20/06/2012,1.5711,14
128,21/06/2012,1.561,14
129,22/06/2012,1.5588,14
130,25/06/2012,1.557,14
131,26/06/2012,1.5631,14
132,27/06/2012,1.5569,14
133,28/06/2012,1.5497,14
134,29/06/2012,1.5707,14
135,02/07/2012,1.5682,14
136,03/07/2012,1.5696,14
137,04/07/2012,1.5604,14
138,05/07/2012,1.5531,14
139,06/07/2012,1.5495,14
140,09/07/2012,1.5512,14
141,10/07/2012,1.5508,14
142,11/07/2012,1.5531,14
143,12/07/2012,1.5422,14
144,13/07/2012,1.5576,14
145,16/07/2012,1.5625,14
146,17/07/2012,1.5617,14
147,18/07/2012,1.5651,14
148,19/07/2012,1.5721,14
149,20/07/2012,1.5623,14
150,23/07/2012,1.5522,14
151,24/07/2012,1.5503,14
152,25/07/2012,1.5482,14
153,26/07/2012,1.5677,14
154,27/07/2012,1.5748,14
155,30/07/2012,1.5692,14
156,31/07/2012,1.5669,14
157,01/08/2012,1.5606,14
158,02/08/2012,1.5506,14
159,03/08/2012,1.564,14
160,06/08/2012,1.5621,14
161,07/08/2012,1.5645,14
162,08/08/2012,1.5662,14
163,09/08/2012,1.5614,14
164,10/08/2012,1.569,14
165,13/08/2012,1.5696,14
166,14/08/2012,1.5688,14
167,15/08/2012,1.5684,14
168,16/08/2012,1.5737,14
169,17/08/2012,1.5697,14
170,20/08/2012,1.5703,14
171,21/08/2012,1.5788,14
172,22/08/2012,1.5793,14
173,23/08/2012,1.5873,14
174,24/08/2012,1.581,14
175,27/08/2012,1.5798,14
176,28/08/2012,1.5831,14
177,29/08/2012,1.5832,14
178,30/08/2012,1.5788,14
179,31/08/2012,1.5867,14
180,03/09/2012,1.5887,14
181,04/09/2012,1.5881,14
182,05/09/2012,1.591,14
183,06/09/2012,1.5933,14
184,07/09/2012,1.601,14
185,10/09/2012,1.6008,14
186,11/09/2012,1.607,14
187,12/09/2012,1.6107,14
188,13/09/2012,1.6114,14
189,14/09/2012,1.6217,14
190,17/09/2012,1.6258,14
191,18/09/2012,1.624,14
192,19/09/2012,1.6222,14
193,20/09/2012,1.6189,14
194,21/09/2012,1.623,14
195,24/09/2012,1.6205,14
196,25/09/2012,1.6222,14
197,26/09/2012,1.6159,14
198,27/09/2012,1.6223,14
199,28/09/2012,1.6167,14
200,01/10/2012,1.6138,14
201,02/10/2012,1.6164,14
202,03/10/2012,1.6085,14
203,04/10/2012,1.6183,14
204,05/10/2012,1.6136,14
205,08/10/2012,1.6032,14
206,09/10/2012,1.5998,14
207,10/10/2012,1.6003,14
208,11/10/2012,1.6044,14
209,12/10/2012,1.6072,14
210,15/10/2012,1.6068,14
211,16/10/2012,1.6117,14
212,17/10/2012,1.6153,14
213,18/10/2012,1.6136,14
214,19/10/2012,1.6004,14
215,22/10/2012,1.6012,14
216,23/10/2012,1.5941,14
217,24/10/2012,1.6021,14
218,25/10/2012,1.6125,14
219,26/10/2012,1.6106,14
220,29/10/2012,1.6029,14
221,30/10/2012,1.6076,14
222,31/10/2012,1.6134,14
223,01/11/2012,1.6124,14
224,02/11/2012,1.6021,14
225,05/11/2012,1.5965,14
226,06/11/2012,1.5989,14
227,07/11/2012,1.5979,14
228,08/11/2012,1.5976,14
229,09/11/2012,1.5896,14
230,12/11/2012,1.5875,14
231,13/11/2012,1.5879,14
232,14/11/2012,1.5857,14
233,15/11/2012,1.5859,14
234,16/11/2012,1.5883,14
235,19/11/2012,1.591,14
236,20/11/2012,1.5924,14
237,21/11/2012,1.5942,14
238,22/11/2012,1.5928,14
239,23/11/2012,1.6028,14
240,26/11/2012,1.6019,14
241,27/11/2012,1.6027,14
242,28/11/2012,1.6014,14
243,29/11/2012,1.6042,14
244,30/11/2012,1.6013,14
245,03/12/2012,1.6103,14
246,04/12/2012,1.61,14
247,05/12/2012,1.6105,14
248,06/12/2012,1.6042,14
249,07/12/2012,1.6039,14
250,10/12/2012,1.6071,14
251,11/12/2012,1.6112,14
252,12/12/2012,1.6166,14
253,13/12/2012,1.6104,14
254,14/12/2012,1.6174,14
255,17/12/2012,1.62,14
256,18/12/2012,1.6253,14
257,19/12/2012,1.6269,14
258,20/12/2012,1.6275,14
259,21/12/2012,1.6172,14
260,24/12/2012,1.6133,14
261,25/12/2012,1.6119,14
262,26/12/2012,1.6118,14
263,27/12/2012,1.6074,14
264,28/12/2012,1.6153,14
265,31/12/2012,1.6242,14
266,01/01/2013,1.6261,14
267,02/01/2013,1.6231,14
268,03/01/2013,1.6155,14
269,04/01/2013,1.6069,14
270,07/01/2013,1.6091,14
271,08/01/2013,1.6043,14
272,09/01/2013,1.6027,14
273,10/01/2013,1.616,14
274,11/01/2013,1.6132,14
275,14/01/2013,1.6074,14
276,15/01/2013,1.6073,14
277,16/01/2013,1.5994,14
278,17/01/2013,1.5992,14
279,18/01/2013,1.587,14
280,21/01/2013,1.5834,14
281,22/01/2013,1.5853,14
282,23/01/2013,1.584,14
283,24/01/2013,1.5783,14
284,25/01/2013,1.5799,14
285,28/01/2013,1.5692,14
286,29/01/2013,1.5755,14
287,30/01/2013,1.5796,14
288,31/01/2013,1.5874,14
289,01/02/2013,1.5693,14
290,04/02/2013,1.5738,14
291,05/02/2013,1.5644,14
292,06/02/2013,1.5652,14
293,07/02/2013,1.5698,14
294,08/02/2013,1.5801,14
295,11/02/2013,1.5676,14
296,12/02/2013,1.5668,14
297,13/02/2013,1.556,14
298,14/02/2013,1.5493,14
299,15/02/2013,1.5518,14
300,18/02/2013,1.5474,14
301,19/02/2013,1.5419,14
302,20/02/2013,1.5289,14
303,21/02/2013,1.5258,14
304,22/02/2013,1.5163,14
305,25/02/2013,1.5148,14
306,26/02/2013,1.5141,14
307,27/02/2013,1.5136,14
308,28/02/2013,1.5184,14
309,01/03/2013,1.5038,14
310,04/03/2013,1.5088,14
311,05/03/2013,1.5104,14
312,06/03/2013,1.5021,14
313,07/03/2013,1.5027,14
314,08/03/2013,1.4925,14
315,11/03/2013,1.4922,14
316,12/03/2013,1.4902,14
317,13/03/2013,1.4931,14
318,14/03/2013,1.5087,14
319,15/03/2013,1.5114,14
320,18/03/2013,1.509,14
321,19/03/2013,1.5104,14
322,20/03/2013,1.5125,14
323,21/03/2013,1.5172,14
324,22/03/2013,1.523,14
325,25/03/2013,1.5182,14
326,26/03/2013,1.5143,14
327,27/03/2013,1.5118,14
328,28/03/2013,1.5189,14
329,29/03/2013,1.5198,14
330,01/04/2013,1.5231,14
331,02/04/2013,1.5115,14
332,03/04/2013,1.515,14
333,04/04/2013,1.5197,14
334,05/04/2013,1.5336,14
335,08/04/2013,1.5261,14
336,09/04/2013,1.5323,14
337,10/04/2013,1.5314,14
338,11/04/2013,1.54,14
339,12/04/2013,1.5343,14
340,15/04/2013,1.531,14
341,16/04/2013,1.5351,14
342,17/04/2013,1.5245,14
343,18/04/2013,1.5299,14
344,19/04/2013,1.5231,14
345,22/04/2013,1.527,14
346,23/04/2013,1.5268,14
347,24/04/2013,1.5261,14
348,25/04/2013,1.5429,14
349,26/04/2013,1.5473,14
350,29/04/2013,1.5495,14
351,30/04/2013,1.554,14
352,01/05/2013,1.5575,14
353,02/05/2013,1.5529,14
354,03/05/2013,1.5574,14
355,06/05/2013,1.554,14
356,07/05/2013,1.5484,14
357,08/05/2013,1.556,14
358,09/05/2013,1.5502,14
359,10/05/2013,1.5358,14
360,13/05/2013,1.5291,14
361,14/05/2013,1.524,14
362,15/05/2013,1.5208,14
363,16/05/2013,1.5304,14
364,17/05/2013,1.5169,14
365,20/05/2013,1.524,14
366,21/05/2013,1.5172,14
367,22/05/2013,1.5057,14
368,23/05/2013,1.5117,14
369,24/05/2013,1.5127,14
370,27/05/2013,1.5104,14
371,28/05/2013,1.5051,14
372,29/05/2013,1.5112,14
373,30/05/2013,1.5206,14
374,31/05/2013,1.5198,14
375,03/06/2013,1.5335,14
376,04/06/2013,1.5295,14
377,05/06/2013,1.54,14
378,06/06/2013,1.5619,14
379,07/06/2013,1.5558,14
380,10/06/2013,1.5562,14
381,11/06/2013,1.5593,14
382,12/06/2013,1.5685,14
383,13/06/2013,1.569,14
384,14/06/2013,1.5707,14
385,17/06/2013,1.5694,14
386,18/06/2013,1.5638,14
387,19/06/2013,1.5655,14
388,20/06/2013,1.5483,14
389,21/06/2013,1.5419,14
390,24/06/2013,1.5414,14
391,25/06/2013,1.5426,14
392,26/06/2013,1.5326,14
393,27/06/2013,1.5249,14
394,28/06/2013,1.5213,14
395,01/07/2013,1.5218,14
396,02/07/2013,1.5168,14
397,03/07/2013,1.5274,14
398,04/07/2013,1.5079,14
399,05/07/2013,1.489,14
400,08/07/2013,1.4953,14
401,09/07/2013,1.4858,14
402,10/07/2013,1.4938,14
403,11/07/2013,1.5102,14
404,12/07/2013,1.5107,14
405,15/07/2013,1.5085,14
406,16/07/2013,1.5114,14
407,17/07/2013,1.5227,14
408,18/07/2013,1.5201,14
409,19/07/2013,1.5267,14
410,22/07/2013,1.5359,14
411,23/07/2013,1.5375,14
412,24/07/2013,1.5352,14
413,25/07/2013,1.5333,14
414,26/07/2013,1.5382,14
415,29/07/2013,1.5347,14
416,30/07/2013,1.5234,14
417,31/07/2013,1.5177,14
418,01/08/2013,1.5125,14
419,02/08/2013,1.5294,14
420,05/08/2013,1.5339,14
421,06/08/2013,1.5367,14
422,07/08/2013,1.5503,14
423,08/08/2013,1.5557,14
424,09/08/2013,1.5498,14
425,12/08/2013,1.5478,14
426,13/08/2013,1.5463,14
427,14/08/2013,1.5514,14
428,15/08/2013,1.5577,14
429,16/08/2013,1.5629,14
430,19/08/2013,1.5654,14
431,20/08/2013,1.5676,14
432,21/08/2013,1.5691,14
433,22/08/2013,1.559,14
434,23/08/2013,1.5569,14
435,26/08/2013,1.5569,14
436,27/08/2013,1.5538,14
437,28/08/2013,1.5522,14
438,29/08/2013,1.5496,14
439,30/08/2013,1.5504,14
440,02/09/2013,1.5533,14
441,03/09/2013,1.5549,14
442,04/09/2013,1.5629,14
443,05/09/2013,1.5596,14
444,06/09/2013,1.5633,14
445,09/09/2013,1.5705,14
446,10/09/2013,1.5731,14
447,11/09/2013,1.581,14
448,12/09/2013,1.5813,14
449,13/09/2013,1.5876,14
450,16/09/2013,1.5915,14
451,17/09/2013,1.591,14
452,18/09/2013,1.5968,14
453,19/09/2013,1.6033,14
454,20/09/2013,1.6006,14
455,23/09/2013,1.6062,14
456,24/09/2013,1.6007,14
457,25/09/2013,1.6079,14
458,26/09/2013,1.6016,14
459,27/09/2013,1.6139,14
460,30/09/2013,1.6183,14
461,01/10/2013,1.6201,14
462,02/10/2013,1.622,14
463,03/10/2013,1.6168,14
464,04/10/2013,1.601,14
465,07/10/2013,1.6096,14
466,08/10/2013,1.6078,14
467,09/10/2013,1.5944,14
468,10/10/2013,1.5962,14
469,11/10/2013,1.5957,14
470,14/10/2013,1.5994,14
471,15/10/2013,1.5973,14
472,16/10/2013,1.5922,14
473,17/10/2013,1.6161,14
474,18/10/2013,1.6167,14
475,21/10/2013,1.6149,14
476,22/10/2013,1.624,14
477,23/10/2013,1.6175,14
478,24/10/2013,1.6196,14
479,25/10/2013,1.6165,14
480,28/10/2013,1.6146,14
481,29/10/2013,1.6027,14
482,30/10/2013,1.6064,14
483,31/10/2013,1.6051,14
484,01/11/2013,1.5926,14
485,04/11/2013,1.5951,14
486,05/11/2013,1.6036,14
487,06/11/2013,1.6088,14
488,07/11/2013,1.6079,14
489,08/11/2013,1.6017,14
490,11/11/2013,1.5979,14
491,12/11/2013,1.5914,14
492,13/11/2013,1.6025,14
493,14/11/2013,1.6071,14
494,15/11/2013,1.6118,14
495,18/11/2013,1.6102,14
496,19/11/2013,1.6122,14
497,20/11/2013,1.6131,14
498,21/11/2013,1.616,14
499,22/11/2013,1.6226,14
500,25/11/2013,1.6149,14
501,26/11/2013,1.619,14
502,27/11/2013,1.6272,14
503,28/11/2013,1.6332,14
504,29/11/2013,1.6368,14
505,02/12/2013,1.6357,14
506,03/12/2013,1.6408,14
507,04/12/2013,1.6388,14
508,05/12/2013,1.633,14
509,06/12/2013,1.6349,14
510,09/12/2013,1.6406,14
511,10/12/2013,1.6435,14
512,11/12/2013,1.6393,14
513,12/12/2013,1.6336,14
514,13/12/2013,1.63,14
515,16/12/2013,1.6303,14
516,17/12/2013,1.6261,14
517,18/12/2013,1.6384,14
518,19/12/2013,1.6377,14
519,20/12/2013,1.6336,14
520,23/12/2013,1.636,14
521,24/12/2013,1.637,14
522,25/12/2013,1.6346,14
523,26/12/2013,1.6413,14
524,27/12/2013,1.6483,14
525,30/12/2013,1.6514,14
526,31/12/2013,1.6566,14
527,01/01/2014,1.6547,14
528,02/01/2014,1.6443,14
529,03/01/2014,1.6418,14
530,06/01/2014,1.6413,14
531,07/01/2014,1.6423,14
532,08/01/2014,1.6444,14
533,09/01/2014,1.6459,14
534,10/01/2014,1.6483,14
535,13/01/2014,1.6368,14
536,14/01/2014,1.645,14
537,15/01/2014,1.6357,14
538,16/01/2014,1.6343,14
539,17/01/2014,1.6424,14
540,20/01/2014,1.6423,14
541,21/01/2014,1.6475,14
542,22/01/2014,1.6576,14
543,23/01/2014,1.6616,14
544,24/01/2014,1.6482,14
545,27/01/2014,1.6583,14
546,28/01/2014,1.6568,14
547,29/01/2014,1.6567,14
548,30/01/2014,1.6482,14
549,31/01/2014,1.6439,14
550,03/02/2014,1.6311,14
551,04/02/2014,1.6323,14
552,05/02/2014,1.6321,14
553,06/02/2014,1.634,14
554,07/02/2014,1.6411,14
555,10/02/2014,1.6407,14
556,11/02/2014,1.6458,14
557,12/02/2014,1.6576,14
558,13/02/2014,1.6644,14
559,14/02/2014,1.6747,14
560,17/02/2014,1.6698,14
561,18/02/2014,1.6696,14
562,19/02/2014,1.6724,14
563,20/02/2014,1.6652,14
564,21/02/2014,1.6616,14
565,24/02/2014,1.6647,14
566,25/02/2014,1.6698,14
567,26/02/2014,1.6637,14
568,27/02/2014,1.6683,14
569,28/02/2014,1.6745,14
570,03/03/2014,1.6655,14
571,04/03/2014,1.6673,14
572,05/03/2014,1.6733,14
573,06/03/2014,1.6762,14
574,07/03/2014,1.6713,14
575,10/03/2014,1.6644,14
576,11/03/2014,1.6618,14
577,12/03/2014,1.6611,14
578,13/03/2014,1.6631,14
579,14/03/2014,1.6647,14
580,17/03/2014,1.6638,14
581,18/03/2014,1.6582,14
582,19/03/2014,1.6644,14
583,20/03/2014,1.6499,14
584,21/03/2014,1.6486,14
585,24/03/2014,1.6536,14
586,25/03/2014,1.6528,14
587,26/03/2014,1.6568,14
588,27/03/2014,1.6619,14
589,28/03/2014,1.6638,14
590,31/03/2014,1.6681,14
591,01/04/2014,1.6643,14
592,02/04/2014,1.6635,14
593,03/04/2014,1.659,14
594,04/04/2014,1.6575,14
595,07/04/2014,1.6607,14
596,08/04/2014,1.6738,14
597,09/04/2014,1.6746,14
598,10/04/2014,1.6782,14
599,11/04/2014,1.6733,14
600,14/04/2014,1.6735,14
601,15/04/2014,1.6726,14
602,16/04/2014,1.6799,14
603,17/04/2014,1.68,14
604,18/04/2014,1.6794,14
605,21/04/2014,1.6797,14
606,22/04/2014,1.683,14
607,23/04/2014,1.6779,14
608,24/04/2014,1.6793,14
609,25/04/2014,1.6803,14
610,28/04/2014,1.6803,14
611,29/04/2014,1.6823,14
612,30/04/2014,1.6873,14
613,01/05/2014,1.6895,14
614,02/05/2014,1.687,14
615,05/05/2014,1.6869,14
616,06/05/2014,1.6983,14
617,07/05/2014,1.6965,14
618,08/05/2014,1.6933,14
619,09/05/2014,1.6851,14
620,12/05/2014,1.687,14
621,13/05/2014,1.6836,14
622,14/05/2014,1.6776,14
623,15/05/2014,1.6788,14
624,16/05/2014,1.6811,14
625,19/05/2014,1.6815,14
626,20/05/2014,1.6841,14
627,21/05/2014,1.6872,14
628,22/05/2014,1.6856,14
629,23/05/2014,1.6832,14
630,26/05/2014,1.6843,14
631,27/05/2014,1.6785,14
632,28/05/2014,1.6708,14
633,29/05/2014,1.6717,14
634,30/05/2014,1.6755,14
635,02/06/2014,1.6739,14
636,03/06/2014,1.6756,14
637,04/06/2014,1.6742,14
638,05/06/2014,1.6801,14
639,06/06/2014,1.6802,14
640,09/06/2014,1.6793,14
641,10/06/2014,1.6756,14
642,11/06/2014,1.6802,14
643,12/06/2014,1.6813,14
644,13/06/2014,1.6968,14
645,16/06/2014,1.6986,14
646,17/06/2014,1.6965,14
647,18/06/2014,1.6949,14
648,19/06/2014,1.7047,14
649,20/06/2014,1.7013,14
650,23/06/2014,1.7018,14
651,24/06/2014,1.6973,14
652,25/06/2014,1.698,14
653,26/06/2014,1.702,14
654,27/06/2014,1.7035,14
655,30/06/2014,1.7102,14
656,01/07/2014,1.7165,14
657,02/07/2014,1.7161,14
658,03/07/2014,1.7148,14
659,04/07/2014,1.716,14
660,07/07/2014,1.713,14
661,08/07/2014,1.7129,14
662,09/07/2014,1.7127,14
663,10/07/2014,1.7118,14
664,11/07/2014,1.7116,14
665,14/07/2014,1.7074,14
666,15/07/2014,1.7142,14
667,16/07/2014,1.7134,14
668,17/07/2014,1.7106,14
669,18/07/2014,1.7088,14
670,21/07/2014,1.7068,14
671,22/07/2014,1.7055,14
672,23/07/2014,1.7035,14
673,24/07/2014,1.6982,14
674,25/07/2014,1.6975,14
675,28/07/2014,1.6988,14
676,29/07/2014,1.6939,14
677,30/07/2014,1.6899,14
678,31/07/2014,1.6885,14
679,01/08/2014,1.6821,14
680,04/08/2014,1.6849,14
681,05/08/2014,1.6874,14
682,06/08/2014,1.6848,14
683,07/08/2014,1.6833,14
684,08/08/2014,1.6773,14
685,11/08/2014,1.6783,14
686,12/08/2014,1.681,14
687,13/08/2014,1.6697,14
688,14/08/2014,1.6686,14
689,15/08/2014,1.6693,14
690,18/08/2014,1.6732,14
691,19/08/2014,1.6618,14
692,20/08/2014,1.6627,14
693,21/08/2014,1.6585,14
694,22/08/2014,1.6572,14
695,25/08/2014,1.6584,14
696,26/08/2014,1.6563,14
697,27/08/2014,1.6578,14
698,28/08/2014,1.6571,14
699,29/08/2014,1.6598,14
700,01/09/2014,1.6606,14
701,02/09/2014,1.6486,14
702,03/09/2014,1.6448,14
703,04/09/2014,1.6352,14
704,05/09/2014,1.6327,14
705,08/09/2014,1.6137,14
706,09/09/2014,1.6086,14
707,10/09/2014,1.6176,14
708,11/09/2014,1.623,14
709,12/09/2014,1.6268,14
710,15/09/2014,1.6222,14
711,16/09/2014,1.6277,14
712,17/09/2014,1.6315,14
713,18/09/2014,1.6384,14
714,19/09/2014,1.6288,14
715,22/09/2014,1.6347,14
716,23/09/2014,1.6359,14
717,24/09/2014,1.6337,14
718,25/09/2014,1.6303,14
719,26/09/2014,1.625,14
720,29/09/2014,1.6264,14
721,30/09/2014,1.6219,14
722,01/10/2014,1.6188,14
723,02/10/2014,1.6147,14
724,03/10/2014,1.5973,14
725,06/10/2014,1.6023,14
726,07/10/2014,1.6082,14
727,08/10/2014,1.6069,14
728,09/10/2014,1.6119,14
729,10/10/2014,1.6076,14
730,13/10/2014,1.606,14
731,14/10/2014,1.5922,14
732,15/10/2014,1.5939,14
733,16/10/2014,1.607,14
734,17/10/2014,1.6093,14
735,20/10/2014,1.6145,14
736,21/10/2014,1.6134,14
737,22/10/2014,1.6073,14
738,23/10/2014,1.6035,14
739,24/10/2014,1.609,14
740,27/10/2014,1.6123,14
741,28/10/2014,1.6139,14
742,29/10/2014,1.6094,14
743,30/10/2014,1.5996,14
744,31/10/2014,1.5995,14
745,03/11/2014,1.5986,14
746,04/11/2014,1.5993,14
747,05/11/2014,1.598,14
748,06/11/2014,1.584,14
749,07/11/2014,1.5869,14
750,10/11/2014,1.5858,14
751,11/11/2014,1.5885,14
752,12/11/2014,1.5795,14
753,13/11/2014,1.5708,14
754,14/11/2014,1.5669,14
755,17/11/2014,1.5638,14
756,18/11/2014,1.5648,14
757,19/11/2014,1.5684,14
758,20/11/2014,1.5687,14
759,21/11/2014,1.5656,14
760,24/11/2014,1.5696,14
761,25/11/2014,1.5707,14
762,26/11/2014,1.5784,14
763,27/11/2014,1.5723,14
764,28/11/2014,1.5645,14
765,01/12/2014,1.5751,14
766,02/12/2014,1.564,14
767,03/12/2014,1.5702,14
768,04/12/2014,1.5674,14
769,05/12/2014,1.558,14
770,08/12/2014,1.5639,14
771,09/12/2014,1.5684,14
772,10/12/2014,1.5709,14
773,11/12/2014,1.5706,14
774,12/12/2014,1.5716,14
775,15/12/2014,1.5642,14
776,16/12/2014,1.5754,14
777,17/12/2014,1.5654,14
778,18/12/2014,1.5661,14
779,19/12/2014,1.5626,14
780,22/12/2014,1.5605,14
781,23/12/2014,1.5515,14
782,24/12/2014,1.5551,14
783,25/12/2014,1.5554,14
784,26/12/2014,1.5558,14
785,29/12/2014,1.5522,14
786,30/12/2014,1.5558,14
787,31/12/2014,1.5581,14
788,01/01/2015,1.558,14
789,02/01/2015,1.5328,14
790,05/01/2015,1.5226,14
791,06/01/2015,1.5172,14
792,07/01/2015,1.5088,14
793,08/01/2015,1.5115,14
794,09/01/2015,1.516,14
795,12/01/2015,1.5164,14
796,13/01/2015,1.5162,14
797,14/01/2015,1.5221,14
798,15/01/2015,1.5153,14
799,16/01/2015,1.515,14
800,19/01/2015,1.5133,14
801,20/01/2015,1.5152,14
802,21/01/2015,1.5109,14
803,22/01/2015,1.5023,14
804,23/01/2015,1.4989,14
805,26/01/2015,1.5092,14
806,27/01/2015,1.5199,14
807,28/01/2015,1.5177,14
808,29/01/2015,1.5048,14
809,30/01/2015,1.506,14
810,02/02/2015,1.5027,14
811,03/02/2015,1.516,14
812,04/02/2015,1.5202,14
813,05/02/2015,1.5299,14
814,06/02/2015,1.5243,14
815,09/02/2015,1.5216,14
816,10/02/2015,1.5258,14
817,11/02/2015,1.5233,14
818,12/02/2015,1.537,14
819,13/02/2015,1.5395,14
820,16/02/2015,1.5353,14
821,17/02/2015,1.5363,14
822,18/02/2015,1.5422,14
823,19/02/2015,1.5432,14
824,20/02/2015,1.5399,14
825,23/02/2015,1.5453,14
826,24/02/2015,1.546,14
827,25/02/2015,1.5509,14
828,26/02/2015,1.5408,14
829,27/02/2015,1.5438,14
830,02/03/2015,1.5359,14
831,03/03/2015,1.5382,14
832,04/03/2015,1.5263,14
833,05/03/2015,1.5228,14
834,06/03/2015,1.5037,14
835,09/03/2015,1.512,14
836,10/03/2015,1.5097,14
837,11/03/2015,1.4913,14
838,12/03/2015,1.4859,14
839,13/03/2015,1.4744,14
840,16/03/2015,1.4838,14
841,17/03/2015,1.4754,14
842,18/03/2015,1.4727,14
843,19/03/2015,1.4722,14
844,20/03/2015,1.4949,14
845,23/03/2015,1.4941,14
846,24/03/2015,1.4865,14
847,25/03/2015,1.4882,14
848,26/03/2015,1.482,14
849,27/03/2015,1.4879,14
850,30/03/2015,1.4814,14
851,31/03/2015,1.4843,14
852,01/04/2015,1.4829,14
853,02/04/2015,1.4845,14
854,03/04/2015,1.492,14
855,06/04/2015,1.4944,14
856,07/04/2015,1.4853,14
857,08/04/2015,1.4917,14
858,09/04/2015,1.4734,14
859,10/04/2015,1.4632,14
860,13/04/2015,1.4668,14
861,14/04/2015,1.4782,14
862,15/04/2015,1.4797,14
863,16/04/2015,1.4921,14
864,17/04/2015,1.4962,14
865,20/04/2015,1.4907,14
866,21/04/2015,1.496,14
867,22/04/2015,1.5027,14
868,23/04/2015,1.5054,14
869,24/04/2015,1.5188,14
870,27/04/2015,1.5245,14
871,28/04/2015,1.5316,14
872,29/04/2015,1.5457,14
873,30/04/2015,1.5334,14
874,01/05/2015,1.5148,14
875,04/05/2015,1.5123,14
876,05/05/2015,1.5203,14
877,06/05/2015,1.5232,14
878,07/05/2015,1.5212,14
879,08/05/2015,1.5455,14
880,11/05/2015,1.5582,14
881,12/05/2015,1.5704,14
882,13/05/2015,1.5744,14
883,14/05/2015,1.5758,14
884,15/05/2015,1.5727,14
885,18/05/2015,1.5673,14
886,19/05/2015,1.5504,14
887,20/05/2015,1.5549,14
888,21/05/2015,1.5674,14
889,22/05/2015,1.549,14
890,25/05/2015,1.5468,14
891,26/05/2015,1.5395,14
892,27/05/2015,1.5324,14
893,28/05/2015,1.5302,14
894,29/05/2015,1.5291,14
895,01/06/2015,1.5187,14
896,02/06/2015,1.5359,14
897,03/06/2015,1.5329,14
898,04/06/2015,1.5382,14
899,05/06/2015,1.527,14
900,08/06/2015,1.5307,14
901,09/06/2015,1.537,14
902,10/06/2015,1.5507,14
903,11/06/2015,1.5494,14
904,12/06/2015,1.5561,14
905,15/06/2015,1.5582,14
906,16/06/2015,1.5635,14
907,17/06/2015,1.5721,14
908,18/06/2015,1.5868,14
909,19/06/2015,1.5883,14
910,22/06/2015,1.583,14
911,23/06/2015,1.572,14
912,24/06/2015,1.5683,14
913,25/06/2015,1.5737,14
914,26/06/2015,1.5746,14
915,29/06/2015,1.574,14
916,30/06/2015,1.5725,14
917,01/07/2015,1.5617,14
918,02/07/2015,1.5609,14
919,03/07/2015,1.557,14
920,06/07/2015,1.5621,14
921,07/07/2015,1.5426,14
922,08/07/2015,1.5335,14
923,09/07/2015,1.5353,14
924,10/07/2015,1.5517,14
925,13/07/2015,1.551,14
926,14/07/2015,1.5585,14
927,15/07/2015,1.5628,14
928,16/07/2015,1.5608,14
929,17/07/2015,1.56,14
930,20/07/2015,1.5581,14
931,21/07/2015,1.5568,14
932,22/07/2015,1.5594,14
933,23/07/2015,1.5513,14
934,24/07/2015,1.5508,14
935,27/07/2015,1.5569,14
936,28/07/2015,1.5599,14
937,29/07/2015,1.5622,14
938,30/07/2015,1.5584,14
939,31/07/2015,1.5622,14
940,03/08/2015,1.559,14
941,04/08/2015,1.563,14
942,05/08/2015,1.5605,14
943,06/08/2015,1.5532,14
944,07/08/2015,1.5491,14
945,10/08/2015,1.5594,14
946,11/08/2015,1.5571,14
947,12/08/2015,1.5647,14
948,13/08/2015,1.5606,14
949,14/08/2015,1.5642,14
950,17/08/2015,1.5588,14
951,18/08/2015,1.5654,14
952,19/08/2015,1.5646,14
953,20/08/2015,1.568,14
954,21/08/2015,1.5694,14
955,24/08/2015,1.5741,14
956,25/08/2015,1.5696,14
957,26/08/2015,1.5487,14
958,27/08/2015,1.5407,14
959,28/08/2015,1.5391,14
960,31/08/2015,1.5346,14
961,01/09/2015,1.532,14
962,02/09/2015,1.531,14
963,03/09/2015,1.5255,14
964,04/09/2015,1.517,14
965,07/09/2015,1.5284,14
966,08/09/2015,1.5373,14
967,09/09/2015,1.5364,14
968,10/09/2015,1.5439,14
969,11/09/2015,1.5429,14
970,14/09/2015,1.5427,14
971,15/09/2015,1.5355,14
972,16/09/2015,1.5483,14
973,17/09/2015,1.5519,14
974,18/09/2015,1.5536,14
975,21/09/2015,1.5505,14
976,22/09/2015,1.5373,14
977,23/09/2015,1.5262,14
978,24/09/2015,1.5249,14
979,25/09/2015,1.518,14
980,28/09/2015,1.5199,14
981,29/09/2015,1.5161,14
982,30/09/2015,1.5132,14
983,01/10/2015,1.5149,14
984,02/10/2015,1.5185,14
985,05/10/2015,1.5155,14
986,06/10/2015,1.5226,14
987,07/10/2015,1.5318,14
988,08/10/2015,1.5324,14
989,09/10/2015,1.5322,14
990,12/10/2015,1.5359,14
991,13/10/2015,1.5247,14
992,14/10/2015,1.5455,14
993,15/10/2015,1.5496,14
994,16/10/2015,1.5438,14
995,19/10/2015,1.5473,14
996,20/10/2015,1.5459,14
997,21/10/2015,1.5441,14
998,22/10/2015,1.5386,14
999,23/10/2015,1.5314,14
1000,26/10/2015,1.5365,14
1001,27/10/2015,1.5304,14
1002,28/10/2015,1.5322,14
1003,29/10/2015,1.5302,14
1004,30/10/2015,1.5428,14
1005,02/11/2015,1.5422,14
1006,03/11/2015,1.5417,14
1007,04/11/2015,1.537,14
1008,05/11/2015,1.5211,14
1009,06/11/2015,1.5053,14
1010,09/11/2015,1.5113,14
1011,10/11/2015,1.5109,14
1012,11/11/2015,1.5197,14
1013,12/11/2015,1.521,14
1014,13/11/2015,1.5237,14
1015,16/11/2015,1.5213,14
1016,17/11/2015,1.5216,14
1017,18/11/2015,1.5214,14
1018,19/11/2015,1.5297,14
1019,20/11/2015,1.5191,14
1020,23/11/2015,1.5128,14
1021,24/11/2015,1.5071,14
1022,25/11/2015,1.5113,14
1023,26/11/2015,1.5109,14
1024,27/11/2015,1.5036,14
1025,30/11/2015,1.5035,14
1026,01/12/2015,1.5074,14
1027,02/12/2015,1.4932,14
1028,03/12/2015,1.5101,14
1029,04/12/2015,1.5112,14
1030,07/12/2015,1.5061,14
1031,08/12/2015,1.5009,14
1032,09/12/2015,1.5168,14
1033,10/12/2015,1.5169,14
1034,11/12/2015,1.5213,14
1035,14/12/2015,1.5143,14
1036,15/12/2015,1.5056,14
1037,16/12/2015,1.501,14
1038,17/12/2015,1.4893,14
1039,18/12/2015,1.4895,14
1040,21/12/2015,1.4884,14
1041,22/12/2015,1.482,14
1042,23/12/2015,1.4879,14
1043,24/12/2015,1.4927,14
1044,25/12/2015,1.4913,14
1045,28/12/2015,1.4878,14
1046,29/12/2015,1.4807,14
1047,30/12/2015,1.4826,14
1048,31/12/2015,1.4734,14
1049,01/01/2016,1.4746,14
1050,04/01/2016,1.4697,14
1051,05/01/2016,1.4662,14
1052,06/01/2016,1.4621,14
1053,07/01/2016,1.4587,14
1054,08/01/2016,1.4517,14
1055,11/01/2016,1.4561,14
1056,12/01/2016,1.4427,14
1057,13/01/2016,1.4459,14
1058,14/01/2016,1.4414,14
1059,15/01/2016,1.4258,14
1060,18/01/2016,1.4262,14
1061,19/01/2016,1.4185,14
1062,20/01/2016,1.4183,14
1063,21/01/2016,1.4207,14
1064,22/01/2016,1.4265,14
1065,25/01/2016,1.4244,14
1066,26/01/2016,1.4351,14
1067,27/01/2016,1.4269,14
1068,28/01/2016,1.437,14
1069,29/01/2016,1.4244,14
1070,01/02/2016,1.4386,14
1071,02/02/2016,1.441,14
1072,03/02/2016,1.4579,14
1073,04/02/2016,1.4587,14
1074,05/02/2016,1.4503,14
1075,08/02/2016,1.4415,14
1076,09/02/2016,1.4484,14
1077,10/02/2016,1.4482,14
1078,11/02/2016,1.4456,14
1079,12/02/2016,1.4503,14
1080,15/02/2016,1.4441,14
1081,16/02/2016,1.4303,14
1082,17/02/2016,1.4312,14
1083,18/02/2016,1.4339,14
1084,19/02/2016,1.4406,14
1085,22/02/2016,1.4165,14
1086,23/02/2016,1.4028,14
1087,24/02/2016,1.3926,14
1088,25/02/2016,1.3951,14
1089,26/02/2016,1.3871,14
1090,29/02/2016,1.3913,14
1091,01/03/2016,1.3955,14
1092,02/03/2016,1.4065,14
1093,03/03/2016,1.4144,14
1094,04/03/2016,1.4229,14
1095,07/03/2016,1.4275,14
1096,08/03/2016,1.4227,14
1097,09/03/2016,1.4225,14
1098,10/03/2016,1.4286,14
1099,11/03/2016,1.4382,14
1100,14/03/2016,1.431,14
1101,15/03/2016,1.4156,14
1102,16/03/2016,1.4118,14
1103,17/03/2016,1.4474,14
1104,18/03/2016,1.4476,14
1105,21/03/2016,1.4397,14
1106,22/03/2016,1.4218,14
1107,23/03/2016,1.4112,14
1108,24/03/2016,1.4181,14
1109,25/03/2016,1.4132,14
1110,28/03/2016,1.4236,14
1111,29/03/2016,1.4366,14
1112,30/03/2016,1.4392,14
1113,31/03/2016,1.4394,14
1114,01/04/2016,1.4227,14
1115,04/04/2016,1.4272,14
1116,05/04/2016,1.4164,14
1117,06/04/2016,1.4128,14
1118,07/04/2016,1.4068,14
1119,08/04/2016,1.4128,14
1120,11/04/2016,1.4243,14
1121,12/04/2016,1.4244,14
1122,13/04/2016,1.4224,14
1123,14/04/2016,1.4157,14
1124,15/04/2016,1.4202,14
1125,18/04/2016,1.4277,14
1126,19/04/2016,1.4385,14
1127,20/04/2016,1.4382,14
1128,21/04/2016,1.433,14
1129,22/04/2016,1.4403,14
1130,25/04/2016,1.4488,14
1131,26/04/2016,1.4584,14
1132,27/04/2016,1.4556,14
1133,28/04/2016,1.4597,14
1134,29/04/2016,1.4612,14
1135,02/05/2016,1.4677,14
1136,03/05/2016,1.4564,14
1137,04/05/2016,1.4491,14
1138,05/05/2016,1.4487,14
1139,06/05/2016,1.4427,14
1140,09/05/2016,1.4399,14
1141,10/05/2016,1.4434,14
1142,11/05/2016,1.4467,14
1143,12/05/2016,1.4464,14
1144,13/05/2016,1.4365,14
1145,16/05/2016,1.4406,14
1146,17/05/2016,1.4472,14
1147,18/05/2016,1.4609,14
1148,19/05/2016,1.4618,14
1149,20/05/2016,1.4502,14
1150,23/05/2016,1.4484,14
1151,24/05/2016,1.4626,14
1152,25/05/2016,1.4687,14
1153,26/05/2016,1.4654,14
1154,27/05/2016,1.4623,14
1155,30/05/2016,1.4635,14
1156,31/05/2016,1.4515,14
1157,01/06/2016,1.4422,14
1158,02/06/2016,1.4437,14
1159,03/06/2016,1.4518,14
1160,06/06/2016,1.4461,14
1161,07/06/2016,1.4549,14
1162,08/06/2016,1.4534,14
1163,09/06/2016,1.4464,14
1164,10/06/2016,1.4257,14
1165,13/06/2016,1.423,14
1166,14/06/2016,1.4148,14
1167,15/06/2016,1.4168,14
1168,16/06/2016,1.4177,14
1169,17/06/2016,1.4358,14
1170,20/06/2016,1.4678,14
1171,21/06/2016,1.4662,14
1172,22/06/2016,1.4706,14
1173,23/06/2016,1.481,14
1174,24/06/2016,1.3679,14
1175,27/06/2016,1.3214,14
1176,28/06/2016,1.3329,14
1177,29/06/2016,1.3472,14
1178,30/06/2016,1.3268,14
1179,01/07/2016,1.3267,14
1180,04/07/2016,1.3294,14
1181,05/07/2016,1.3053,14
1182,06/07/2016,1.2945,14
1183,07/07/2016,1.2903,14
1184,08/07/2016,1.2954,14
1185,11/07/2016,1.2968,14
1186,12/07/2016,1.328,14
1187,13/07/2016,1.3192,14
1188,14/07/2016,1.3321,14
1189,15/07/2016,1.3192,14
1190,18/07/2016,1.3257,14
1191,19/07/2016,1.3119,14
1192,20/07/2016,1.3187,14
1193,21/07/2016,1.321,14
1194,22/07/2016,1.3109,14
1195,25/07/2016,1.3137,14
1196,26/07/2016,1.314,14
1197,27/07/2016,1.3132,14
1198,28/07/2016,1.3143,14
1199,29/07/2016,1.323,14
1200,01/08/2016,1.3204,14
1201,02/08/2016,1.3337,14
1202,03/08/2016,1.3328,14
1203,04/08/2016,1.3118,14
1204,05/08/2016,1.3073,14
1205,08/08/2016,1.3039,14
1206,09/08/2016,1.3009,14
1207,10/08/2016,1.3005,14
1208,11/08/2016,1.2971,14
1209,12/08/2016,1.292,14
1210,15/08/2016,1.2875,14
1211,16/08/2016,1.3036,14
1212,17/08/2016,1.3013,14
1213,18/08/2016,1.3138,14
1214,19/08/2016,1.3075,14
1215,22/08/2016,1.3131,14
1216,23/08/2016,1.3187,14
1217,24/08/2016,1.3237,14
1218,25/08/2016,1.3187,14
1219,26/08/2016,1.3137,14
1220,29/08/2016,1.3081,14
1221,30/08/2016,1.3085,14
1222,31/08/2016,1.314,14
1223,01/09/2016,1.3275,14
1224,02/09/2016,1.3294,14
1225,05/09/2016,1.3313,14
1226,06/09/2016,1.3422,14
1227,07/09/2016,1.332,14
1228,08/09/2016,1.3294,14
1229,09/09/2016,1.3267,14
1230,12/09/2016,1.3321,14
1231,13/09/2016,1.3199,14
1232,14/09/2016,1.3192,14
1233,15/09/2016,1.3216,14
1234,16/09/2016,1.3002,14
1235,19/09/2016,1.3048,14
1236,20/09/2016,1.298,14
1237,21/09/2016,1.2977,14
1238,22/09/2016,1.3084,14
1239,23/09/2016,1.2966,14
1240,26/09/2016,1.2977,14
1241,27/09/2016,1.3021,14
1242,28/09/2016,1.3009,14
1243,29/09/2016,1.2977,14
1244,30/09/2016,1.2972,14
1245,03/10/2016,1.2854,14
1246,04/10/2016,1.2735,14
1247,05/10/2016,1.2754,14
1248,06/10/2016,1.2646,14
1249,07/10/2016,1.2434,14
1250,10/10/2016,1.2381,14
1251,11/10/2016,1.2158,14
1252,12/10/2016,1.2221,14
1253,13/10/2016,1.2249,14
1254,14/10/2016,1.2191,14
1255,17/10/2016,1.2198,14
1256,18/10/2016,1.2293,14
1257,19/10/2016,1.2276,14
1258,20/10/2016,1.2274,14
1259,21/10/2016,1.2234,14
1260,24/10/2016,1.2211,14
1261,25/10/2016,1.2197,14
1262,26/10/2016,1.2226,14
1263,27/10/2016,1.2169,14
1264,28/10/2016,1.2185,14
1265,31/10/2016,1.2228,14
1266,01/11/2016,1.2238,14
1267,02/11/2016,1.2298,14
1268,03/11/2016,1.2447,14
1269,04/11/2016,1.2517,14
1270,07/11/2016,1.2403,14
1271,08/11/2016,1.2392,14
1272,09/11/2016,1.2418,14
1273,10/11/2016,1.2543,14
1274,11/11/2016,1.2596,14
1275,14/11/2016,1.2497,14
1276,15/11/2016,1.244,14
1277,16/11/2016,1.2447,14
1278,17/11/2016,1.2433,14
1279,18/11/2016,1.2342,14
1280,21/11/2016,1.2478,14
1281,22/11/2016,1.2419,14
1282,23/11/2016,1.2463,14
1283,24/11/2016,1.246,14
1284,25/11/2016,1.2477,14
1285,28/11/2016,1.2413,14
1286,29/11/2016,1.2493,14
1287,30/11/2016,1.2498,14
1288,01/12/2016,1.2582,14
1289,02/12/2016,1.2729,14
1290,05/12/2016,1.272,14
1291,06/12/2016,1.2669,14
1292,07/12/2016,1.2603,14
1293,08/12/2016,1.257,14
1294,09/12/2016,1.2572,14
1295,12/12/2016,1.2695,14
1296,13/12/2016,1.2681,14
1297,14/12/2016,1.2698,14
1298,15/12/2016,1.2441,14
1299,16/12/2016,1.2496,14
1300,19/12/2016,1.2419,14
1301,20/12/2016,1.2358,14
1302,21/12/2016,1.2353,14
1303,22/12/2016,1.2301,14
1304,23/12/2016,1.2282,14
1305,26/12/2016,1.2284,14
1306,27/12/2016,1.2266,14
1307,28/12/2016,1.2227,14
1308,29/12/2016,1.2226,14
1309,30/12/2016,1.234,14
1310,02/01/2017,1.2285,14
1311,03/01/2017,1.226,14
1312,04/01/2017,1.2317,14
1313,05/01/2017,1.2418,14
1314,06/01/2017,1.2287,14
1315,09/01/2017,1.2169,14
1316,10/01/2017,1.2159,14
1317,11/01/2017,1.2159,14
1318,12/01/2017,1.2187,14
1319,13/01/2017,1.2182,14
1320,16/01/2017,1.2068,14
1321,17/01/2017,1.2383,14
1322,18/01/2017,1.231,14
1323,19/01/2017,1.2302,14
1324,20/01/2017,1.2375,14
1325,23/01/2017,1.2477,14
1326,24/01/2017,1.2527,14
1327,25/01/2017,1.2607,14
1328,26/01/2017,1.2591,14
1329,27/01/2017,1.2555,14
1330,30/01/2017,1.2479,14
1331,31/01/2017,1.257,14
1332,01/02/2017,1.2636,14
1333,02/02/2017,1.2558,14
1334,03/02/2017,1.2484,14
1335,06/02/2017,1.2471,14
1336,07/02/2017,1.2497,14
1337,08/02/2017,1.2537,14
1338,09/02/2017,1.2513,14
1339,10/02/2017,1.2491,14
1340,13/02/2017,1.2504,14
1341,14/02/2017,1.247,14
1342,15/02/2017,1.2449,14
1343,16/02/2017,1.2472,14
1344,17/02/2017,1.2412,14
1345,20/02/2017,1.2456,14
1346,21/02/2017,1.2461,14
1347,22/02/2017,1.2436,14
1348,23/02/2017,1.2545,14
1349,24/02/2017,1.2462,14
1350,27/02/2017,1.246,14
1351,28/02/2017,1.2416,14
1352,01/03/2017,1.2319,14
1353,02/03/2017,1.2265,14
1354,03/03/2017,1.2291,14
1355,06/03/2017,1.223,14
1356,07/03/2017,1.2207,14
1357,08/03/2017,1.2153,14
1358,09/03/2017,1.217,14
1359,10/03/2017,1.2167,14
1360,13/03/2017,1.2235,14
1361,14/03/2017,1.2165,14
1362,15/03/2017,1.2198,14
1363,16/03/2017,1.2352,14
1364,17/03/2017,1.2396,14
1365,20/03/2017,1.2345,14
1366,21/03/2017,1.2478,14
1367,22/03/2017,1.248,14
1368,23/03/2017,1.2515,14
1369,24/03/2017,1.2473,14
1370,27/03/2017,1.2564,14
1371,28/03/2017,1.2481,14
1372,29/03/2017,1.241,14
1373,30/03/2017,1.2475,14
1374,31/03/2017,1.255,14
1375,03/04/2017,1.2476,14
1376,04/04/2017,1.2432,14
1377,05/04/2017,1.2469,14
1378,06/04/2017,1.2477,14
1379,07/04/2017,1.2371,14
1380,10/04/2017,1.242,14
1381,11/04/2017,1.2483,14
1382,12/04/2017,1.2491,14
1383,13/04/2017,1.2516,14
1384,14/04/2017,1.2523,14
1385,17/04/2017,1.2586,14
1386,18/04/2017,1.2766,14
1387,19/04/2017,1.2785,14
1388,20/04/2017,1.282,14
1389,21/04/2017,1.2817,14
1390,24/04/2017,1.2782,14
1391,25/04/2017,1.284,14
1392,26/04/2017,1.2831,14
1393,27/04/2017,1.2901,14
1394,28/04/2017,1.2951,14
1395,01/05/2017,1.2916,14
1396,02/05/2017,1.2922,14
1397,03/05/2017,1.2914,14
1398,04/05/2017,1.2921,14
1399,05/05/2017,1.2982,14
1400,08/05/2017,1.2937,14
1401,09/05/2017,1.2946,14
1402,10/05/2017,1.2941,14
1403,11/05/2017,1.2876,14
1404,12/05/2017,1.289,14
1405,15/05/2017,1.2908,14
1406,16/05/2017,1.2916,14
1407,17/05/2017,1.294,14
1408,18/05/2017,1.2994,14
1409,19/05/2017,1.3036,14
1410,22/05/2017,1.3013,14
1411,23/05/2017,1.298,14
1412,24/05/2017,1.2932,14
1413,25/05/2017,1.2959,14
1414,26/05/2017,1.2804,14
1415,29/05/2017,1.2836,14
1416,30/05/2017,1.2844,14
1417,31/05/2017,1.289,14
1418,01/06/2017,1.2885,14
1419,02/06/2017,1.2888,14
1420,05/06/2017,1.2924,14
1421,06/06/2017,1.2884,14
1422,07/06/2017,1.2927,14
1423,08/06/2017,1.2938,14
1424,09/06/2017,1.2746,14
1425,12/06/2017,1.2651,14
1426,13/06/2017,1.2744,14
1427,14/06/2017,1.2795,14
1428,15/06/2017,1.2758,14
1429,16/06/2017,1.2783,14
1430,19/06/2017,1.2744,14
1431,20/06/2017,1.2625,14
1432,21/06/2017,1.2659,14
1433,22/06/2017,1.2667,14
1434,23/06/2017,1.2718,14
1435,26/06/2017,1.2723,14
1436,27/06/2017,1.2782,14
1437,28/06/2017,1.2931,14
1438,29/06/2017,1.2989,14
1439,30/06/2017,1.3025,14
1440,03/07/2017,1.2957,14
1441,04/07/2017,1.2927,14
1442,05/07/2017,1.2922,14
1443,06/07/2017,1.2969,14
1444,07/07/2017,1.289,14
1445,10/07/2017,1.2878,14
1446,11/07/2017,1.2848,14
1447,12/07/2017,1.2899,14
1448,13/07/2017,1.2923,14
1449,14/07/2017,1.3098,14
1450,17/07/2017,1.306,14
1451,18/07/2017,1.3046,14
1452,19/07/2017,1.3035,14
1453,20/07/2017,1.2977,14
1454,21/07/2017,1.2997,14
1455,24/07/2017,1.3026,14
1456,25/07/2017,1.3038,14
1457,26/07/2017,1.3047,14
1458,27/07/2017,1.3068,14
1459,28/07/2017,1.3136,14
1460,31/07/2017,1.319,14
1461,01/08/2017,1.321,14
1462,02/08/2017,1.3238,14
1463,03/08/2017,1.3135,14
1464,04/08/2017,1.304,14
1465,07/08/2017,1.3024,14
1466,08/08/2017,1.2981,14
1467,09/08/2017,1.2992,14
1468,10/08/2017,1.2978,14
1469,11/08/2017,1.3014,14
1470,14/08/2017,1.2982,14
1471,15/08/2017,1.2866,14
1472,16/08/2017,1.2847,14
1473,17/08/2017,1.2877,14
1474,18/08/2017,1.287,14
1475,21/08/2017,1.2908,14
1476,22/08/2017,1.2841,14
1477,23/08/2017,1.279,14
1478,24/08/2017,1.2795,14
1479,25/08/2017,1.2882,14
1480,28/08/2017,1.2933,14
1481,29/08/2017,1.2927,14
1482,30/08/2017,1.2933,14
1483,31/08/2017,1.2894,14
1484,01/09/2017,1.2951,14
1485,04/09/2017,1.2919,14
1486,05/09/2017,1.3018,14
1487,06/09/2017,1.3048,14
1488,07/09/2017,1.3071,14
1489,08/09/2017,1.32,14
1490,11/09/2017,1.3179,14
1491,12/09/2017,1.3274,14
1492,13/09/2017,1.3202,14
1493,14/09/2017,1.3387,14
1494,15/09/2017,1.3594,14
1495,18/09/2017,1.3484,14
1496,19/09/2017,1.3489,14
1497,20/09/2017,1.3582,14
1498,21/09/2017,1.3574,14
1499,22/09/2017,1.3504,14
1500,25/09/2017,1.3454,14
1501,26/09/2017,1.3432,14
1502,27/09/2017,1.3403,14
1503,28/09/2017,1.3439,14
1504,29/09/2017,1.3398,14
1505,02/10/2017,1.3273,14
1506,03/10/2017,1.3248,14
1507,04/10/2017,1.3273,14
1508,05/10/2017,1.3133,14
1509,06/10/2017,1.3066,14
1510,09/10/2017,1.3146,14
1511,10/10/2017,1.321,14
1512,11/10/2017,1.3211,14
1513,12/10/2017,1.3247,14
1514,13/10/2017,1.3285,14
1515,16/10/2017,1.3285,14
1516,17/10/2017,1.3179,14
1517,18/10/2017,1.3191,14
1518,19/10/2017,1.3162,14
1519,20/10/2017,1.319,14
1520,23/10/2017,1.32,14
1521,24/10/2017,1.3132,14
1522,25/10/2017,1.3247,14
1523,26/10/2017,1.3176,14
1524,27/10/2017,1.3128,14
1525,30/10/2017,1.3193,14
1526,31/10/2017,1.3273,14
1527,01/11/2017,1.3261,14
1528,02/11/2017,1.3055,14
1529,03/11/2017,1.3077,14
1530,06/11/2017,1.3152,14
1531,07/11/2017,1.3155,14
1532,08/11/2017,1.311,14
1533,09/11/2017,1.3145,14
1534,10/11/2017,1.3196,14
1535,13/11/2017,1.3113,14
1536,14/11/2017,1.3179,14
1537,15/11/2017,1.3177,14
1538,16/11/2017,1.3192,14
1539,17/11/2017,1.3215,14
1540,20/11/2017,1.3234,14
1541,21/11/2017,1.3239,14
1542,22/11/2017,1.3289,14
1543,23/11/2017,1.3305,14
1544,24/11/2017,1.3337,14
1545,27/11/2017,1.3329,14
1546,28/11/2017,1.333,14
1547,29/11/2017,1.3429,14
1548,30/11/2017,1.3509,14
1549,01/12/2017,1.3477,14
1550,04/12/2017,1.3458,14
1551,05/12/2017,1.3436,14
1552,06/12/2017,1.3377,14
1553,07/12/2017,1.3426,14
1554,08/12/2017,1.339,14
1555,11/12/2017,1.3351,14
1556,12/12/2017,1.3315,14
1557,13/12/2017,1.3352,14
1558,14/12/2017,1.3431,14
1559,15/12/2017,1.332,14
1560,18/12/2017,1.3393,14
1561,19/12/2017,1.337,14
1562,20/12/2017,1.3396,14
1563,21/12/2017,1.3371,14
1564,22/12/2017,1.3363,14
1565,25/12/2017,1.337,14
1566,26/12/2017,1.3381,14
1567,27/12/2017,1.3398,14
1568,28/12/2017,1.3448,14
1569,29/12/2017,1.3513,14
1570,01/01/2018,1.3513,14
1571,02/01/2018,1.3584,14
1572,03/01/2018,1.3526,14
1573,04/01/2018,1.3547,14
1574,05/01/2018,1.3571,14
1575,08/01/2018,1.3559,14
1576,09/01/2018,1.3527,14
1577,10/01/2018,1.3517,14
1578,11/01/2018,1.3545,14
1579,12/01/2018,1.3728,14
1580,15/01/2018,1.381,14
1581,16/01/2018,1.3772,14
1582,17/01/2018,1.385,14
1583,18/01/2018,1.3877,14
1584,19/01/2018,1.3858,14
1585,22/01/2018,1.3958,14
1586,23/01/2018,1.3979,14
1587,24/01/2018,1.4196,14
1588,25/01/2018,1.4256,14
1589,26/01/2018,1.416,14
1590,29/01/2018,1.407,14
1591,30/01/2018,1.4143,14
1592,31/01/2018,1.4184,14
1593,01/02/2018,1.423,14
1594,02/02/2018,1.4118,14
1595,05/02/2018,1.4032,14
1596,06/02/2018,1.3957,14
1597,07/02/2018,1.3874,14
1598,08/02/2018,1.3901,14
1599,09/02/2018,1.3827,14
1600,12/02/2018,1.3817,14
1601,13/02/2018,1.3865,14
1602,14/02/2018,1.3978,14
1603,15/02/2018,1.4046,14
1604,16/02/2018,1.4026,14
1605,19/02/2018,1.4014,14
1606,20/02/2018,1.4003,14
1607,21/02/2018,1.3967,14
1608,22/02/2018,1.396,14
1609,23/02/2018,1.3971,14
1610,26/02/2018,1.3966,14
1611,27/02/2018,1.3924,14
1612,28/02/2018,1.3785,14
1613,01/03/2018,1.3735,14
1614,02/03/2018,1.3802,14
1615,05/03/2018,1.3846,14
1616,06/03/2018,1.3879,14
1617,07/03/2018,1.3887,14
1618,08/03/2018,1.3815,14
1619,09/03/2018,1.385,14
1620,12/03/2018,1.39,14
1621,13/03/2018,1.3971,14
1622,14/03/2018,1.3974,14
1623,15/03/2018,1.3965,14
1624,16/03/2018,1.3942,14
1625,19/03/2018,1.4047,14
1626,20/03/2018,1.4008,14
1627,21/03/2018,1.4079,14
1628,22/03/2018,1.4104,14
1629,23/03/2018,1.4132,14
1630,26/03/2018,1.4223,14
1631,27/03/2018,1.4169,14
1632,28/03/2018,1.4106,14
1633,29/03/2018,1.4016,14
1634,30/03/2018,1.4015,14
1635,02/04/2018,1.4034,14
1636,03/04/2018,1.4056,14
1637,04/04/2018,1.4082,14
1638,05/04/2018,1.3988,14
1639,06/04/2018,1.4092,14
1640,09/04/2018,1.4135,14
1641,10/04/2018,1.4146,14
1642,11/04/2018,1.4176,14
1643,12/04/2018,1.4227,14
1644,13/04/2018,1.4238,14
1645,16/04/2018,1.4325,14
1646,17/04/2018,1.4288,14
1647,18/04/2018,1.4214,14
1648,19/04/2018,1.4193,14
1649,20/04/2018,1.4,14
1650,23/04/2018,1.3945,14
1651,24/04/2018,1.3978,14
1652,25/04/2018,1.3938,14
1653,26/04/2018,1.393,14
1654,27/04/2018,1.3781,14
1655,30/04/2018,1.3765,14
1656,01/05/2018,1.3627,14
1657,02/05/2018,1.3601,14
1658,03/05/2018,1.3582,14
1659,04/05/2018,1.3531,14
1660,07/05/2018,1.3564,14
1661,08/05/2018,1.3546,14
1662,09/05/2018,1.3557,14
1663,10/05/2018,1.3499,14
1664,11/05/2018,1.3542,14
1665,14/05/2018,1.3584,14
1666,15/05/2018,1.3518,14
1667,16/05/2018,1.3498,14
1668,17/05/2018,1.3515,14
1669,18/05/2018,1.3469,14
1670,21/05/2018,1.341,14
1671,22/05/2018,1.3433,14
1672,23/05/2018,1.3337,14
1673,24/05/2018,1.3386,14
1674,25/05/2018,1.3309,14
1675,28/05/2018,1.3313,14
1676,29/05/2018,1.3244,14
1677,30/05/2018,1.3292,14
1678,31/05/2018,1.3293,14
1679,01/06/2018,1.3346,14
1680,04/06/2018,1.3313,14
1681,05/06/2018,1.3382,14
1682,06/06/2018,1.3411,14
1683,07/06/2018,1.3413,14
1684,08/06/2018,1.3405,14
1685,11/06/2018,1.3379,14
1686,12/06/2018,1.3395,14
1687,13/06/2018,1.3386,14
1688,14/06/2018,1.33,14
1689,15/06/2018,1.3278,14
1690,18/06/2018,1.3241,14
1691,19/06/2018,1.3173,14
1692,20/06/2018,1.3196,14
1693,21/06/2018,1.3248,14
1694,22/06/2018,1.3261,14
1695,25/06/2018,1.3266,14
1696,26/06/2018,1.3228,14
1697,27/06/2018,1.3141,14
1698,28/06/2018,1.3095,14
1699,29/06/2018,1.3207,14
1700,02/07/2018,1.3124,14
1701,03/07/2018,1.3166,14
1702,04/07/2018,1.3223,14
1703,05/07/2018,1.3222,14
1704,06/07/2018,1.3283,14
1705,09/07/2018,1.3215,14
1706,10/07/2018,1.3251,14
1707,11/07/2018,1.3221,14
1708,12/07/2018,1.322,14
1709,13/07/2018,1.3222,14
1710,16/07/2018,1.323,14
1711,17/07/2018,1.3133,14
1712,18/07/2018,1.3061,14
1713,19/07/2018,1.299,14
1714,20/07/2018,1.3136,14
1715,23/07/2018,1.3106,14
1716,24/07/2018,1.3138,14
1717,25/07/2018,1.3151,14
1718,26/07/2018,1.313,14
1719,27/07/2018,1.3105,14
1720,30/07/2018,1.3139,14
1721,31/07/2018,1.3127,14
1722,01/08/2018,1.3118,14
1723,02/08/2018,1.3034,14
1724,03/08/2018,1.3001,14
1725,06/08/2018,1.2943,14
1726,07/08/2018,1.295,14
1727,08/08/2018,1.288,14
1728,09/08/2018,1.2849,14
1729,10/08/2018,1.2758,14
1730,13/08/2018,1.2746,14
1731,14/08/2018,1.2713,14
1732,15/08/2018,1.27,14
1733,16/08/2018,1.2706,14
1734,17/08/2018,1.2749,14
1735,20/08/2018,1.2787,14
1736,21/08/2018,1.2879,14
1737,22/08/2018,1.2909,14
1738,23/08/2018,1.2816,14
1739,24/08/2018,1.2846,14
1740,27/08/2018,1.2894,14
1741,28/08/2018,1.2889,14
1742,29/08/2018,1.3005,14
1743,30/08/2018,1.3009,14
1744,31/08/2018,1.296,14
1745,03/09/2018,1.2881,14
1746,04/09/2018,1.2854,14
1747,05/09/2018,1.2903,14
1748,06/09/2018,1.2935,14
1749,07/09/2018,1.292,14
1750,10/09/2018,1.3029,14
1751,11/09/2018,1.3007,14
1752,12/09/2018,1.3059,14
1753,13/09/2018,1.3109,14
1754,14/09/2018,1.3068,14
1755,17/09/2018,1.3159,14
1756,18/09/2018,1.3134,14
1757,19/09/2018,1.3162,14
1758,20/09/2018,1.3245,14
1759,21/09/2018,1.3072,14
1760,24/09/2018,1.3123,14
1761,25/09/2018,1.3169,14
1762,26/09/2018,1.3179,14
1763,27/09/2018,1.3101,14
1764,28/09/2018,1.3031,14
1765,01/10/2018,1.3035,14
1766,02/10/2018,1.2981,14
1767,03/10/2018,1.2989,14
1768,04/10/2018,1.301,14
1769,05/10/2018,1.312,14
1770,08/10/2018,1.3074,14
1771,09/10/2018,1.3131,14
1772,10/10/2018,1.3211,14
1773,11/10/2018,1.3199,14
1774,12/10/2018,1.3153,14
1775,15/10/2018,1.3158,14
1776,16/10/2018,1.3187,14
1777,17/10/2018,1.3142,14
1778,18/10/2018,1.3043,14
1779,19/10/2018,1.3076,14
1780,22/10/2018,1.2971,14
1781,23/10/2018,1.2995,14
1782,24/10/2018,1.2884,14
1783,25/10/2018,1.2823,14
1784,26/10/2018,1.2828,14
1785,29/10/2018,1.2804,14
1786,30/10/2018,1.2711,14
1787,31/10/2018,1.2754,14
1788,01/11/2018,1.3003,14
1789,02/11/2018,1.297,14
1790,05/11/2018,1.3017,14
1791,06/11/2018,1.3084,14
1792,07/11/2018,1.3151,14
1793,08/11/2018,1.3091,14
1794,09/11/2018,1.2972,14
1795,12/11/2018,1.285,14
1796,13/11/2018,1.2986,14
1797,14/11/2018,1.2951,14
1798,15/11/2018,1.2747,14
1799,16/11/2018,1.2834,14
1800,19/11/2018,1.2861,14
1801,20/11/2018,1.2796,14
1802,21/11/2018,1.2785,14
1803,22/11/2018,1.2874,14
1804,23/11/2018,1.2814,14
1805,26/11/2018,1.2818,14
1806,27/11/2018,1.2735,14
1807,28/11/2018,1.2805,14
1808,29/11/2018,1.2779,14
1809,30/11/2018,1.2749,14
1810,03/12/2018,1.2741,14
1811,04/12/2018,1.2717,14
1812,05/12/2018,1.2749,14
1813,06/12/2018,1.2795,14
1814,07/12/2018,1.2726,14
1815,10/12/2018,1.2563,14
1816,11/12/2018,1.2516,14
1817,12/12/2018,1.265,14
1818,13/12/2018,1.263,14
1819,14/12/2018,1.2583,14
1820,17/12/2018,1.2615,14
1821,18/12/2018,1.2633,14
1822,19/12/2018,1.2654,14
1823,20/12/2018,1.2677,14
1824,21/12/2018,1.2645,14
1825,24/12/2018,1.2717,14
1826,25/12/2018,1.2681,14
1827,26/12/2018,1.2642,14
1828,27/12/2018,1.2638,14
1829,28/12/2018,1.2699,14
1830,31/12/2018,1.2746,14
1831,01/01/2019,1.2749,14
1832,02/01/2019,1.2587,14
1833,03/01/2019,1.2643,14
1834,04/01/2019,1.2723,14
1835,07/01/2019,1.2774,14
1836,08/01/2019,1.2723,14
1837,09/01/2019,1.2776,14
1838,10/01/2019,1.2751,14
1839,11/01/2019,1.2844,14
1840,14/01/2019,1.289,14
1841,15/01/2019,1.2731,14
1842,16/01/2019,1.2853,14
1843,17/01/2019,1.2962,14
1844,18/01/2019,1.2872,14
1845,21/01/2019,1.2896,14
1846,22/01/2019,1.2964,14
1847,23/01/2019,1.3066,14
1848,24/01/2019,1.3017,14
1849,25/01/2019,1.3196,14
1850,28/01/2019,1.3169,14
1851,29/01/2019,1.3137,14
1852,30/01/2019,1.3062,14
1853,31/01/2019,1.3122,14
1854,01/02/2019,1.3079,14
1855,04/02/2019,1.3044,14
1856,05/02/2019,1.2946,14
1857,06/02/2019,1.2952,14
1858,07/02/2019,1.2964,14
1859,08/02/2019,1.2944,14
1860,11/02/2019,1.2851,14
1861,12/02/2019,1.2889,14
1862,13/02/2019,1.2855,14
1863,14/02/2019,1.2805,14
1864,15/02/2019,1.2889,14
1865,18/02/2019,1.2926,14
1866,19/02/2019,1.3061,14
1867,20/02/2019,1.3087,14
1868,21/02/2019,1.3038,14
1869,22/02/2019,1.3053,14
1870,25/02/2019,1.3083,14
1871,26/02/2019,1.3252,14
1872,27/02/2019,1.3302,14
1873,28/02/2019,1.3265,14
1874,01/03/2019,1.3202,14
1875,04/03/2019,1.3182,14
1876,05/03/2019,1.3152,14
1877,06/03/2019,1.3165,14
1878,07/03/2019,1.3129,14
1879,08/03/2019,1.3015,14
1880,11/03/2019,1.3145,14
1881,12/03/2019,1.3072,14
1882,13/03/2019,1.3203,14
1883,14/03/2019,1.3257,14
1884,15/03/2019,1.329,14
1885,18/03/2019,1.3233,14
1886,19/03/2019,1.3269,14
1887,20/03/2019,1.318,14
1888,21/03/2019,1.3061,14
1889,22/03/2019,1.3209,14
1890,25/03/2019,1.3183,14
1891,26/03/2019,1.3222,14
1892,27/03/2019,1.3219,14
1893,28/03/2019,1.3071,14
1894,29/03/2019,1.3035,14
1895,01/04/2019,1.3119,14
1896,02/04/2019,1.3077,14
1897,03/04/2019,1.317,14
1898,04/04/2019,1.3082,14
1899,05/04/2019,1.3038,14
1900,08/04/2019,1.3059,14
1901,09/04/2019,1.3035,14
1902,10/04/2019,1.3112,14
1903,11/04/2019,1.3067,14
1904,12/04/2019,1.3074,14
1905,15/04/2019,1.3108,14
1906,16/04/2019,1.3051,14
1907,17/04/2019,1.3037,14
1908,18/04/2019,1.2981,14
1909,19/04/2019,1.2993,14
1910,22/04/2019,1.2985,14
1911,23/04/2019,1.2947,14
1912,24/04/2019,1.2922,14
1913,25/04/2019,1.2902,14
1914,26/04/2019,1.2916,14
1915,29/04/2019,1.2933,14
1916,30/04/2019,1.3042,14
1917,01/05/2019,1.3081,14
1918,02/05/2019,1.3024,14
1919,03/05/2019,1.3173,14
1920,06/05/2019,1.3099,14
1921,07/05/2019,1.3058,14
1922,08/05/2019,1.3006,14
1923,09/05/2019,1.3021,14
1924,10/05/2019,1.2998,14
1925,13/05/2019,1.2948,14
1926,14/05/2019,1.2917,14
1927,15/05/2019,1.2864,14
1928,16/05/2019,1.2796,14
1929,17/05/2019,1.2724,14
1930,20/05/2019,1.2723,14
1931,21/05/2019,1.273,14
1932,22/05/2019,1.2675,14
1933,23/05/2019,1.2678,14
1934,24/05/2019,1.2714,14
1935,27/05/2019,1.2681,14
1936,28/05/2019,1.2666,14
1937,29/05/2019,1.2619,14
1938,30/05/2019,1.2612,14
1939,31/05/2019,1.2629,14
1940,03/06/2019,1.2635,14
1941,04/06/2019,1.2687,14
1942,05/06/2019,1.2691,14
1943,06/06/2019,1.271,14
1944,07/06/2019,1.2737,14
1945,10/06/2019,1.2689,14
1946,11/06/2019,1.2728,14
1947,12/06/2019,1.2689,14
1948,13/06/2019,1.2679,14
1949,14/06/2019,1.2589,14
1950,17/06/2019,1.2558,14
1951,18/06/2019,1.2553,14
1952,19/06/2019,1.2634,14
1953,20/06/2019,1.2704,14
1954,21/06/2019,1.2737,14
1955,24/06/2019,1.2737,14
1956,25/06/2019,1.2694,14
1957,26/06/2019,1.2698,14
1958,27/06/2019,1.2678,14
1959,28/06/2019,1.2696,14
1960,01/07/2019,1.2636,14
1961,02/07/2019,1.2615,14
1962,03/07/2019,1.2575,14
1963,04/07/2019,1.2584,14
1964,05/07/2019,1.2521,14
1965,08/07/2019,1.2517,14
1966,09/07/2019,1.2467,14
1967,10/07/2019,1.2514,14
1968,11/07/2019,1.2521,14
1969,12/07/2019,1.2572,14
1970,15/07/2019,1.2512,14
1971,16/07/2019,1.2418,14
1972,17/07/2019,1.2449,14
1973,18/07/2019,1.2479,14
1974,19/07/2019,1.2502,14
1975,22/07/2019,1.2481,14
1976,23/07/2019,1.2439,14
1977,24/07/2019,1.25,14
1978,25/07/2019,1.2444,14
1979,26/07/2019,1.2384,14
1980,29/07/2019,1.2218,14
1981,30/07/2019,1.2166,14
1982,31/07/2019,1.2214,14
1983,01/08/2019,1.2145,14
1984,02/08/2019,1.2162,14
1985,05/08/2019,1.2155,14
1986,06/08/2019,1.215,14
1987,07/08/2019,1.2155,14
1988,08/08/2019,1.2138,14
1989,09/08/2019,1.2033,14
1990,12/08/2019,1.2078,14
1991,13/08/2019,1.2062,14
1992,14/08/2019,1.206,14
1993,15/08/2019,1.2113,14
1994,16/08/2019,1.2149,14
1995,19/08/2019,1.2137,14
1996,20/08/2019,1.2171,14
1997,21/08/2019,1.2144,14
1998,22/08/2019,1.2254,14
1999,23/08/2019,1.2266,14
2000,26/08/2019,1.2231,14
2001,27/08/2019,1.2297,14
2002,28/08/2019,1.2235,14
2003,29/08/2019,1.2198,14
2004,30/08/2019,1.2156,14
2005,02/09/2019,1.2077,14
2006,03/09/2019,1.2092,14
2007,04/09/2019,1.2208,14
2008,05/09/2019,1.2316,14
2009,06/09/2019,1.2283,14
2010,09/09/2019,1.2348,14
2011,10/09/2019,1.2345,14
2012,11/09/2019,1.2318,14
2013,12/09/2019,1.2349,14
2014,13/09/2019,1.2501,14
2015,16/09/2019,1.2426,14
2016,17/09/2019,1.2503,14
2017,18/09/2019,1.248,14
2018,19/09/2019,1.2491,14
2019,20/09/2019,1.2478,14
2020,23/09/2019,1.2432,14
2021,24/09/2019,1.2488,14
2022,25/09/2019,1.2355,14
2023,26/09/2019,1.2335,14
2024,27/09/2019,1.2292,14
2025,30/09/2019,1.229,14
2026,01/10/2019,1.2318,14
2027,02/10/2019,1.2309,14
2028,03/10/2019,1.2373,14
2029,04/10/2019,1.2331,14
2030,07/10/2019,1.2316,14
2031,08/10/2019,1.2215,14
2032,09/10/2019,1.2203,14
2033,10/10/2019,1.2396,14
2034,11/10/2019,1.2668,14
2035,14/10/2019,1.257,14
2036,15/10/2019,1.2756,14
2037,16/10/2019,1.2847,14
2038,17/10/2019,1.2849,14
2039,18/10/2019,1.2984,14
2040,21/10/2019,1.2976,14
2041,22/10/2019,1.295,14
2042,23/10/2019,1.2875,14
2043,24/10/2019,1.2851,14
2044,25/10/2019,1.2827,14
2045,28/10/2019,1.2864,14
2046,29/10/2019,1.2857,14
2047,30/10/2019,1.2865,14
2048,31/10/2019,1.2937,14
2049,01/11/2019,1.2946,14
2050,04/11/2019,1.29,14
2051,05/11/2019,1.2871,14
2052,06/11/2019,1.2858,14
2053,07/11/2019,1.2815,14
2054,08/11/2019,1.2774,14
2055,11/11/2019,1.2858,14
2056,12/11/2019,1.2858,14
2057,13/11/2019,1.2839,14
2058,14/11/2019,1.2879,14
2059,15/11/2019,1.2897,14
2060,18/11/2019,1.2967,14
2061,19/11/2019,1.2927,14
2062,20/11/2019,1.2921,14
2063,21/11/2019,1.2904,14
2064,22/11/2019,1.2834,14
2065,25/11/2019,1.2889,14
2066,26/11/2019,1.2861,14
2067,27/11/2019,1.2884,14
2068,28/11/2019,1.2905,14
2069,29/11/2019,1.2925,14
2070,02/12/2019,1.2934,14
2071,03/12/2019,1.3008,14
2072,04/12/2019,1.3091,14
2073,05/12/2019,1.3158,14
2074,06/12/2019,1.314,14
2075,09/12/2019,1.3148,14
2076,10/12/2019,1.3183,14
2077,11/12/2019,1.3172,14
2078,12/12/2019,1.311,14
2079,13/12/2019,1.3331,14
2080,16/12/2019,1.3326,14
2081,17/12/2019,1.3131,14
2082,18/12/2019,1.3083,14
2083,19/12/2019,1.3039,14
2084,20/12/2019,1.2999,14
2085,23/12/2019,1.2934,14
2086,24/12/2019,1.2967,14
2087,25/12/2019,1.2954,14
2088,26/12/2019,1.3009,14
2089,27/12/2019,1.3078,14
2090,30/12/2019,1.3119,14
2091,31/12/2019,1.3263,14
2092,01/01/2020,1.3247,14
2093,02/01/2020,1.3135,14
2094,03/01/2020,1.3083,14
2095,06/01/2020,1.3159,14
2096,07/01/2020,1.3128,14
2097,08/01/2020,1.3105,14
2098,09/01/2020,1.3061,14
2099,10/01/2020,1.3064,14
2100,13/01/2020,1.2996,14
2101,14/01/2020,1.3022,14
2102,15/01/2020,1.3033,14
2103,16/01/2020,1.3074,14
2104,17/01/2020,1.3016,14
2105,20/01/2020,1.3,14
2106,21/01/2020,1.3046,14
2107,22/01/2020,1.3129,14
2108,23/01/2020,1.311,14
2109,24/01/2020,1.3073,14
2110,27/01/2020,1.3058,14
2111,28/01/2020,1.2999,14
2112,29/01/2020,1.3012,14
2113,30/01/2020,1.3095,14
2114,31/01/2020,1.3206,14
2115,03/02/2020,1.3005,14
2116,04/02/2020,1.3032,14
2117,05/02/2020,1.3004,14
2118,06/02/2020,1.2934,14
2119,07/02/2020,1.2892,14
2120,10/02/2020,1.291,14
2121,11/02/2020,1.2951,14
2122,12/02/2020,1.2966,14
2123,13/02/2020,1.3056,14
2124,14/02/2020,1.3047,14
2125,17/02/2020,1.3012,14
2126,18/02/2020,1.3004,14
2127,19/02/2020,1.2918,14
2128,20/02/2020,1.2878,14
2129,21/02/2020,1.2964,14
2130,24/02/2020,1.2937,14
2131,25/02/2020,1.3012,14
2132,26/02/2020,1.2908,14
2133,27/02/2020,1.2884,14
2134,28/02/2020,1.2823,14
2135,02/03/2020,1.2809,14
2136,03/03/2020,1.2811,14
2137,04/03/2020,1.2842,14
2138,05/03/2020,1.2939,14
2139,06/03/2020,1.3048,14
2140,09/03/2020,1.3121,14
2141,10/03/2020,1.2926,14
2142,11/03/2020,1.285,14
2143,12/03/2020,1.2621,14
2144,13/03/2020,1.2278,14
2145,16/03/2020,1.2234,14
2146,17/03/2020,1.2088,14
2147,18/03/2020,1.1639,14
2148,19/03/2020,1.1555,14
2149,20/03/2020,1.1629,14
2150,23/03/2020,1.1557,14
2151,24/03/2020,1.1723,14
2152,25/03/2020,1.1808,14
2153,26/03/2020,1.2146,14
2154,27/03/2020,1.246,14
2155,30/03/2020,1.2387,14
2156,31/03/2020,1.2398,14
2157,01/04/2020,1.2395,14
2158,02/04/2020,1.2366,14
2159,03/04/2020,1.2269,14
2160,06/04/2020,1.2306,14
2161,07/04/2020,1.2338,14
2162,08/04/2020,1.2406,14
2163,09/04/2020,1.2449,14
2164,10/04/2020,1.2455,14
2165,13/04/2020,1.2519,14
2166,14/04/2020,1.2607,14
2167,15/04/2020,1.2539,14
2168,16/04/2020,1.2439,14
2169,17/04/2020,1.2499,14
2170,20/04/2020,1.2465,14
2171,21/04/2020,1.227,14
2172,22/04/2020,1.231,14
2173,23/04/2020,1.2361,14
2174,24/04/2020,1.2367,14
2175,27/04/2020,1.2402,14
2176,28/04/2020,1.2428,14
2177,29/04/2020,1.2435,14
2178,30/04/2020,1.2582,14
2179,01/05/2020,1.2506,14
2180,04/05/2020,1.2433,14
2181,05/05/2020,1.2442,14
2182,06/05/2020,1.2358,14
2183,07/05/2020,1.2356,14
2184,08/05/2020,1.241,14
2185,11/05/2020,1.2344,14
2186,12/05/2020,1.2292,14
2187,13/05/2020,1.2227,14
2188,14/05/2020,1.2197,14
2189,15/05/2020,1.2116,14
2190,18/05/2020,1.218,14
2191,19/05/2020,1.2249,14
2192,20/05/2020,1.2229,14
2193,21/05/2020,1.223,14
2194,22/05/2020,1.2173,14
2195,25/05/2020,1.2187,14
2196,26/05/2020,1.2335,14
2197,27/05/2020,1.2239,14
2198,28/05/2020,1.2338,14
2199,29/05/2020,1.2343,14
2200,01/06/2020,1.2465,14
2201,02/06/2020,1.2539,14
2202,03/06/2020,1.2592,14
2203,04/06/2020,1.2601,14
2204,05/06/2020,1.2668,14
2205,08/06/2020,1.2698,14
2206,09/06/2020,1.2744,14
2207,10/06/2020,1.2755,14
2208,11/06/2020,1.2626,14
2209,12/06/2020,1.254,14
2210,15/06/2020,1.2564,14
2211,16/06/2020,1.2593,14
2212,17/06/2020,1.2542,14
2213,18/06/2020,1.2412,14
2214,19/06/2020,1.235,14
2215,22/06/2020,1.2464,14
2216,23/06/2020,1.2516,14
2217,24/06/2020,1.2448,14
2218,25/06/2020,1.242,14
2219,26/06/2020,1.2336,14
2220,29/06/2020,1.2282,14
2221,30/06/2020,1.2379,14
2222,01/07/2020,1.2481,14
2223,02/07/2020,1.2461,14
2224,03/07/2020,1.2483,14
2225,06/07/2020,1.2485,14
2226,07/07/2020,1.256,14
2227,08/07/2020,1.2603,14
2228,09/07/2020,1.261,14
2229,10/07/2020,1.2622,14
2230,13/07/2020,1.2615,14
2231,14/07/2020,1.2548,14
2232,15/07/2020,1.2586,14
2233,16/07/2020,1.2588,14
2234,17/07/2020,1.2568,14
2235,20/07/2020,1.2651,14
2236,21/07/2020,1.2743,14
2237,22/07/2020,1.2737,14
2238,23/07/2020,1.2745,14
2239,24/07/2020,1.2794,14
2240,27/07/2020,1.2873,14
2241,28/07/2020,1.2948,14
2242,29/07/2020,1.2974,14
2243,30/07/2020,1.306,14
2244,31/07/2020,1.3085,14
2245,03/08/2020,1.3058,14
2246,04/08/2020,1.3065,14
2247,05/08/2020,1.3127,14
2248,06/08/2020,1.3159,14
2249,07/08/2020,1.3052,14
2250,10/08/2020,1.3085,14
2251,11/08/2020,1.309,14
2252,12/08/2020,1.3044,14
2253,13/08/2020,1.308,14
2254,14/08/2020,1.3086,14
2255,17/08/2020,1.3103,14
2256,18/08/2020,1.3235,14
2257,19/08/2020,1.3165,14
2258,20/08/2020,1.3188,14
2259,21/08/2020,1.309,14
2260,24/08/2020,1.3069,14
2261,25/08/2020,1.3123,14
2262,26/08/2020,1.3214,14
2263,27/08/2020,1.3183,14
2264,28/08/2020,1.3353,14
2265,31/08/2020,1.3378,14
2266,01/09/2020,1.3392,14
2267,02/09/2020,1.3328,14
2268,03/09/2020,1.3262,14
2269,04/09/2020,1.3279,14
2270,07/09/2020,1.3174,14
2271,08/09/2020,1.3045,14
2272,09/09/2020,1.3013,14
2273,10/09/2020,1.283,14
2274,11/09/2020,1.2796,14
2275,14/09/2020,1.2868,14
2276,15/09/2020,1.2893,14
2277,16/09/2020,1.2979,14
2278,17/09/2020,1.2938,14
2279,18/09/2020,1.2917,14
2280,21/09/2020,1.279,14
2281,22/09/2020,1.2721,14
2282,23/09/2020,1.2757,14
2283,24/09/2020,1.2752,14
2284,25/09/2020,1.2746,14
2285,28/09/2020,1.2852,14
2286,29/09/2020,1.2854,14
2287,30/09/2020,1.2911,14
2288,01/10/2020,1.2894,14
2289,02/10/2020,1.2935,14
2290,05/10/2020,1.2979,14
2291,06/10/2020,1.2955,14
2292,07/10/2020,1.2919,14
2293,08/10/2020,1.2939,14
2294,09/10/2020,1.3036,14
2295,12/10/2020,1.3063,14
2296,13/10/2020,1.2958,14
2297,14/10/2020,1.3016,14
2298,15/10/2020,1.2922,14
2299,16/10/2020,1.2915,14
2300,19/10/2020,1.2982,14
2301,20/10/2020,1.294,14
2302,21/10/2020,1.3157,14
2303,22/10/2020,1.3096,14
2304,23/10/2020,1.3039,14
2305,26/10/2020,1.3023,14
2306,27/10/2020,1.3065,14
2307,28/10/2020,1.299,14
2308,29/10/2020,1.2906,14
2309,30/10/2020,1.2947,14
2310,02/11/2020,1.2905,14
2311,03/11/2020,1.3041,14
2312,04/11/2020,1.2997,14
2313,05/11/2020,1.31,14
2314,06/11/2020,1.3156,14
2315,09/11/2020,1.3141,14
2316,10/11/2020,1.3237,14
2317,11/11/2020,1.3202,14
2318,12/11/2020,1.3116,14
2319,13/11/2020,1.3189,14
2320,16/11/2020,1.3197,14
2321,17/11/2020,1.3242,14
2322,18/11/2020,1.3289,14
2323,19/11/2020,1.3236,14
2324,20/11/2020,1.3275,14
2325,23/11/2020,1.3312,14
2326,24/11/2020,1.3343,14
2327,25/11/2020,1.3381,14
2328,26/11/2020,1.3354,14
2329,27/11/2020,1.3311,14
2330,30/11/2020,1.3353,14
2331,01/12/2020,1.3419,14
2332,02/12/2020,1.3352,14
2333,03/12/2020,1.3486,14
2334,04/12/2020,1.3441,14
2335,07/12/2020,1.3364,14
2336,08/12/2020,1.3362,14
2337,09/12/2020,1.3371,14
2338,10/12/2020,1.331,14
2339,11/12/2020,1.3224,14
2340,14/12/2020,1.3334,14
2341,15/12/2020,1.343,14
2342,16/12/2020,1.3471,14
2343,17/12/2020,1.3608,14
2344,18/12/2020,1.3523,14
2345,21/12/2020,1.3357,14
2346,22/12/2020,1.3357,14
2347,23/12/2020,1.3483,14
2348,24/12/2020,1.3538,14
2349,25/12/2020,1.356,14
2350,28/12/2020,1.3452,14
2351,29/12/2020,1.349,14
2352,30/12/2020,1.3599,14
2353,31/12/2020,1.3651,14
2354,01/01/2021,1.3672,14
2355,04/01/2021,1.3566,14
2356,05/01/2021,1.3633,14
2357,06/01/2021,1.3605,14
2358,07/01/2021,1.3548,14
2359,08/01/2021,1.3568,14
2360,11/01/2021,1.3526,14
2361,12/01/2021,1.3624,14
2362,13/01/2021,1.364,14
2363,14/01/2021,1.3689,14
2364,15/01/2021,1.359,14
2365,18/01/2021,1.3581,14
2366,19/01/2021,1.3625,14
2367,20/01/2021,1.3642,14
2368,21/01/2021,1.371,14
2369,22/01/2021,1.3686,14
2370,25/01/2021,1.367,14
2371,26/01/2021,1.3732,14
2372,27/01/2021,1.3713,14
2373,28/01/2021,1.3726,14
2374,29/01/2021,1.3708,14
2375,01/02/2021,1.3676,14
2376,02/02/2021,1.3647,14
2377,03/02/2021,1.3658,14
2378,04/02/2021,1.366,14
2379,05/02/2021,1.3735,14
2380,08/02/2021,1.3742,14
2381,09/02/2021,1.3798,14
2382,10/02/2021,1.3852,14
2383,11/02/2021,1.3811,14
2384,12/02/2021,1.3849,14
2385,15/02/2021,1.3912,14
2386,16/02/2021,1.3913,14
2387,17/02/2021,1.3856,14
2388,18/02/2021,1.3964,14
2389,19/02/2021,1.4016,14
2390,22/02/2021,1.4082,14
2391,23/02/2021,1.4092,14
2392,24/02/2021,1.4101,14
2393,25/02/2021,1.4065,14
2394,26/02/2021,1.3933,14
2395,01/03/2021,1.3919,14
2396,02/03/2021,1.3968,14
2397,03/03/2021,1.3971,14
2398,04/03/2021,1.3924,14
2399,05/03/2021,1.3841,14
2400,08/03/2021,1.3839,14
2401,09/03/2021,1.389,14
2402,10/03/2021,1.3905,14
2403,11/03/2021,1.397,14
2404,12/03/2021,1.3924,14
2405,15/03/2021,1.3893,14
2406,16/03/2021,1.3893,14
2407,17/03/2021,1.3858,14
2408,18/03/2021,1.395,14
2409,19/03/2021,1.3872,14
2410,22/03/2021,1.3865,14
2411,23/03/2021,1.376,14
2412,24/03/2021,1.3713,14
2413,25/03/2021,1.3738,14
2414,26/03/2021,1.3789,14
2415,29/03/2021,1.3778,14
2416,30/03/2021,1.3719,14
2417,31/03/2021,1.38,14
2418,01/04/2021,1.3819,14
2419,02/04/2021,1.3832,14
2420,05/04/2021,1.3902,14
2421,06/04/2021,1.3822,14
2422,07/04/2021,1.3742,14
2423,08/04/2021,1.374,14
2424,09/04/2021,1.3707,14
2425,12/04/2021,1.3743,14
2426,13/04/2021,1.3737,14
2427,14/04/2021,1.3796,14
2428,15/04/2021,1.3787,14
2429,16/04/2021,1.3832,14
2430,19/04/2021,1.3986,14
2431,20/04/2021,1.394,14
2432,21/04/2021,1.393,14
2433,22/04/2021,1.3843,14
2434,23/04/2021,1.3876,14
2435,26/04/2021,1.3887,14
2436,27/04/2021,1.3906,14
2437,28/04/2021,1.3915,14
2438,29/04/2021,1.3942,14
2439,30/04/2021,1.3822,14
2440,03/05/2021,1.3907,14
2441,04/05/2021,1.3888,14
2442,05/05/2021,1.3902,14
2443,06/05/2021,1.3887,14
2444,07/05/2021,1.3984,14
2445,10/05/2021,1.4142,14
2446,11/05/2021,1.4165,14
2447,12/05/2021,1.4058,14
2448,13/05/2021,1.4037,14
2449,14/05/2021,1.4097,14
2450,17/05/2021,1.4139,14
2451,18/05/2021,1.4193,14
2452,19/05/2021,1.4158,14
2453,20/05/2021,1.418,14
2454,21/05/2021,1.415,14
2455,24/05/2021,1.4157,14
2456,25/05/2021,1.4141,14
2457,26/05/2021,1.4122,14
2458,27/05/2021,1.4178,14
2459,28/05/2021,1.4188,14
2460,31/05/2021,1.4206,14
2461,01/06/2021,1.4161,14
2462,02/06/2021,1.4174,14
2463,03/06/2021,1.4099,14
2464,04/06/2021,1.4157,14
2465,07/06/2021,1.418,14
2466,08/06/2021,1.4148,14
2467,09/06/2021,1.4114,14
2468,10/06/2021,1.4165,14
2469,11/06/2021,1.4107,14
2470,14/06/2021,1.4113,14
2471,15/06/2021,1.4078,14
2472,16/06/2021,1.4103,14
2473,17/06/2021,1.3896,14
2474,18/06/2021,1.381,14
2475,21/06/2021,1.3928,14
2476,22/06/2021,1.3939,14
2477,23/06/2021,1.3963,14
2478,24/06/2021,1.3916,14
2479,25/06/2021,1.3879,14
2480,28/06/2021,1.3884,14
2481,29/06/2021,1.3841,14
2482,30/06/2021,1.38,14
2483,01/07/2021,1.3766,14
2484,02/07/2021,1.3824,14
2485,05/07/2021,1.3857,14
2486,06/07/2021,1.3779,14
2487,07/07/2021,1.3797,14
2488,08/07/2021,1.3773,14
2489,09/07/2021,1.3901,14
2490,12/07/2021,1.3882,14
2491,13/07/2021,1.3842,14
2492,14/07/2021,1.3854,14
2493,15/07/2021,1.3826,14
2494,16/07/2021,1.3767,14
2495,19/07/2021,1.367,14
2496,20/07/2021,1.363,14
2497,21/07/2021,1.3698,14
2498,22/07/2021,1.3766,14
2499,23/07/2021,1.3748,14
2500,26/07/2021,1.3828,14
2501,27/07/2021,1.3885,14
2502,28/07/2021,1.3885,14
2503,29/07/2021,1.3965,14
2504,30/07/2021,1.3904,14
2505,02/08/2021,1.3895,14
2506,03/08/2021,1.3917,14
2507,04/08/2021,1.3898,14
2508,05/08/2021,1.3931,14
2509,06/08/2021,1.3872,14
2510,09/08/2021,1.3847,14
2511,10/08/2021,1.3833,14
2512,11/08/2021,1.3879,14
2513,12/08/2021,1.3817,14
2514,13/08/2021,1.3866,14
2515,16/08/2021,1.3846,14
2516,17/08/2021,1.3727,14
2517,18/08/2021,1.3749,14
2518,19/08/2021,1.3653,14
2519,20/08/2021,1.3623,14
2520,23/08/2021,1.3722,14
2521,24/08/2021,1.3722,14
2522,25/08/2021,1.3738,14
2523,26/08/2021,1.3703,14
2524,27/08/2021,1.3764,14
2525,30/08/2021,1.3755,14
2526,31/08/2021,1.3752,14
2527,01/09/2021,1.3784,14
2528,02/09/2021,1.3832,14
2529,03/09/2021,1.3871,14
2530,06/09/2021,1.3832,14
2531,07/09/2021,1.379,14
2532,08/09/2021,1.3771,14
2533,09/09/2021,1.3857,14
2534,10/09/2021,1.3839,14
2535,13/09/2021,1.3836,14
2536,14/09/2021,1.3849,14
2537,15/09/2021,1.3827,14
2538,16/09/2021,1.3783,14
2539,17/09/2021,1.3741,14
2540,20/09/2021,1.3644,14
2541,21/09/2021,1.3662,14
2542,22/09/2021,1.3653,14
2543,23/09/2021,1.3745,14
2544,24/09/2021,1.3679,14
2545,27/09/2021,1.3706,14
2546,28/09/2021,1.353,14
2547,29/09/2021,1.3424,14
2548,30/09/2021,1.3461,14
2549,01/10/2021,1.3546,14
2550,04/10/2021,1.3608,14
2551,05/10/2021,1.3642,14
2552,06/10/2021,1.3554,14
2553,07/10/2021,1.3622,14
2554,08/10/2021,1.3615,14
2555,11/10/2021,1.361,14
2556,12/10/2021,1.3587,14
2557,13/10/2021,1.3642,14
2558,14/10/2021,1.3685,14
2559,15/10/2021,1.3751,14
2560,18/10/2021,1.3733,14
2561,19/10/2021,1.3797,14
2562,20/10/2021,1.383,14
2563,21/10/2021,1.3799,14
2564,22/10/2021,1.3755,14
2565,25/10/2021,1.3759,14
2566,26/10/2021,1.376,14
2567,27/10/2021,1.3748,14
2568,28/10/2021,1.3792,14
2569,29/10/2021,1.3682,14
2570,01/11/2021,1.366,14
2571,02/11/2021,1.3619,14
2572,03/11/2021,1.3659,14
2573,04/11/2021,1.3492,14
2574,05/11/2021,1.3498,14
2575,08/11/2021,1.3558,14
2576,09/11/2021,1.3565,14
2577,10/11/2021,1.3459,14
2578,11/11/2021,1.337,14
2579,12/11/2021,1.3414,14
2580,15/11/2021,1.3423,14
2581,16/11/2021,1.3429,14
2582,17/11/2021,1.3491,14
2583,18/11/2021,1.3498,14
2584,19/11/2021,1.3451,14
2585,22/11/2021,1.3394,14
2586,23/11/2021,1.3374,14
2587,24/11/2021,1.3323,14
2588,25/11/2021,1.3325,14
2589,26/11/2021,1.3337,14
2590,29/11/2021,1.3301,14
2591,30/11/2021,1.3264,14
2592,01/12/2021,1.3303,14
2593,02/12/2021,1.3302,14
2594,03/12/2021,1.3236,14
2595,06/12/2021,1.3254,14
2596,07/12/2021,1.3227,14
2597,08/12/2021,1.3237,14
2598,09/12/2021,1.3212,14
2599,10/12/2021,1.3273,14
2600,13/12/2021,1.3213,14
2601,14/12/2021,1.3228,14
2602,15/12/2021,1.3212,14
2603,16/12/2021,1.3319,14
2604,17/12/2021,1.3245,14
2605,20/12/2021,1.3211,14
2606,21/12/2021,1.3249,14
2607,22/12/2021,1.3357,14
2608,23/12/2021,1.3418,14
2609,24/12/2021,1.3386,14
2610,27/12/2021,1.344,14
2611,28/12/2021,1.3436,14
2612,29/12/2021,1.3482,14
2613,30/12/2021,1.3486,14
2614,31/12/2021,1.3532,14
2615,03/01/2022,1.3471,14
2616,04/01/2022,1.3536,14
2617,05/01/2022,1.3589,14
2618,06/01/2022,1.3531,14
2619,07/01/2022,1.3588,14
2620,10/01/2022,1.3563,14
2621,11/01/2022,1.3617,14
2622,12/01/2022,1.3707,14
2623,13/01/2022,1.3713,14
2624,14/01/2022,1.3675,14
2625,17/01/2022,1.3651,14
2626,18/01/2022,1.3577,14
2627,19/01/2022,1.3626,14
2628,20/01/2022,1.3627,14
2629,21/01/2022,1.3553,14
2630,24/01/2022,1.3456,14
2631,25/01/2022,1.3498,14
2632,26/01/2022,1.3522,14
2633,27/01/2022,1.3373,14
2634,28/01/2022,1.3401,14
2635,31/01/2022,1.3436,14
2636,01/02/2022,1.3506,14
2637,02/02/2022,1.3578,14
2638,03/02/2022,1.3608,14
2639,04/02/2022,1.3531,14
2640,07/02/2022,1.3517,14
2641,08/02/2022,1.3544,14
2642,09/02/2022,1.3539,14
2643,10/02/2022,1.3612,14
2644,11/02/2022,1.3564,14
2645,14/02/2022,1.3531,14
2646,15/02/2022,1.3532,14
2647,16/02/2022,1.3581,14
2648,17/02/2022,1.3624,14
2649,18/02/2022,1.3589,14
2650,21/02/2022,1.3616,14
2651,22/02/2022,1.3594,14
2652,23/02/2022,1.3551,14
2653,24/02/2022,1.3368,14
2654,25/02/2022,1.3409,14
2655,28/02/2022,1.3391,14
2656,01/03/2022,1.3313,14
2657,02/03/2022,1.3359,14
2658,03/03/2022,1.3334,14
2659,04/03/2022,1.323,14
2660,07/03/2022,1.3112,14
2661,08/03/2022,1.3134,14
2662,09/03/2022,1.3182,14
2663,10/03/2022,1.3098,14
2664,11/03/2022,1.3037,14
2665,14/03/2022,1.3027,14
2666,15/03/2022,1.3042,14
2667,16/03/2022,1.3089,14
2668,17/03/2022,1.3169,14
2669,18/03/2022,1.3178,14
2670,21/03/2022,1.3177,14
2671,22/03/2022,1.3252,14
2672,23/03/2022,1.3207,14
2673,24/03/2022,1.3171,14
2674,25/03/2022,1.3182,14
2675,28/03/2022,1.309,14
2676,29/03/2022,1.3086,14
2677,30/03/2022,1.3144,14
2678,31/03/2022,1.3139,14
2679,01/04/2022,1.3114,14
2680,04/04/2022,1.3104,14
2681,05/04/2022,1.3085,14
2682,06/04/2022,1.3076,14
2683,07/04/2022,1.3054,14
2684,08/04/2022,1.3025,14
2685,11/04/2022,1.3025,14
2686,12/04/2022,1.3022,14
2687,13/04/2022,1.3094,14
2688,14/04/2022,1.3057,14
2689,15/04/2022,1.306,14
2690,18/04/2022,1.301,14
2691,19/04/2022,1.3007,14
2692,20/04/2022,1.3051,14
2693,21/04/2022,1.3035,14
2694,22/04/2022,1.2839,14
2695,25/04/2022,1.273,14
2696,26/04/2022,1.2611,14
2697,27/04/2022,1.2567,14
2698,28/04/2022,1.2464,14
2699,29/04/2022,1.2574,14
2700,02/05/2022,1.2498,14
2701,03/05/2022,1.2488,14
2702,04/05/2022,1.2494,14
2703,05/05/2022,1.2338,14
2704,06/05/2022,1.2348,14
2705,09/05/2022,1.2348,14
2706,10/05/2022,1.231,14
2707,11/05/2022,1.229,14
2708,12/05/2022,1.2192,14
2709,13/05/2022,1.2262,14
2710,16/05/2022,1.2276,14
2711,17/05/2022,1.2481,14
2712,18/05/2022,1.2383,14
2713,19/05/2022,1.2499,14
2714,20/05/2022,1.248,14
2715,23/05/2022,1.2568,14
2716,24/05/2022,1.2535,14
2717,25/05/2022,1.2532,14
2718,26/05/2022,1.2575,14
2719,27/05/2022,1.2631,14
2720,30/05/2022,1.2655,14
2721,31/05/2022,1.262,14
2722,01/06/2022,1.247,14
2723,02/06/2022,1.2581,14
2724,03/06/2022,1.2488,14
2725,06/06/2022,1.254,14
2726,07/06/2022,1.2593,14
2727,08/06/2022,1.2548,14
2728,09/06/2022,1.2515,14
2729,10/06/2022,1.2315,14
2730,13/06/2022,1.2174,14
2731,14/06/2022,1.1995,14
2732,15/06/2022,1.2064,14
2733,16/06/2022,1.238,14
2734,17/06/2022,1.2241,14
2735,20/06/2022,1.2254,14
2736,21/06/2022,1.2272,14
2737,22/06/2022,1.2265,14
2738,23/06/2022,1.2228,14
2739,24/06/2022,1.2268,14
2740,27/06/2022,1.2291,14
2741,28/06/2022,1.2194,14
2742,29/06/2022,1.2122,14
2743,30/06/2022,1.2177,14
2744,01/07/2022,1.2095,14
2745,04/07/2022,1.2111,14
2746,05/07/2022,1.1924,14
2747,06/07/2022,1.1909,14
2748,07/07/2022,1.2008,14
2749,08/07/2022,1.2033,14
2750,11/07/2022,1.1883,14
2751,12/07/2022,1.1911,14
2752,13/07/2022,1.1922,14
2753,14/07/2022,1.178,14
2754,15/07/2022,1.1855,14
2755,18/07/2022,1.1977,14
2756,19/07/2022,1.2007,14
2757,20/07/2022,1.1972,14
2758,21/07/2022,1.1952,14
2759,22/07/2022,1.1999,14
2760,25/07/2022,1.2051,14
2761,26/07/2022,1.2025,14
2762,27/07/2022,1.2039,14
2763,28/07/2022,1.213,14
2764,29/07/2022,1.2171,14
2765,01/08/2022,1.2277,14
2766,02/08/2022,1.2214,14
2767,03/08/2022,1.2143,14
2768,04/08/2022,1.2146,14
2769,05/08/2022,1.2073,14
2770,08/08/2022,1.2077,14
2771,09/08/2022,1.2083,14
2772,10/08/2022,1.2248,14
2773,11/08/2022,1.2224,14
2774,12/08/2022,1.2138,14
2775,15/08/2022,1.2085,14
2776,16/08/2022,1.2081,14
2777,17/08/2022,1.204,14
2778,18/08/2022,1.1937,14
2779,19/08/2022,1.1829,14
2780,22/08/2022,1.1775,14
2781,23/08/2022,1.1849,14
2782,24/08/2022,1.1785,14
2783,25/08/2022,1.1821,14
2784,26/08/2022,1.1744,14
2785,29/08/2022,1.1722,14
2786,30/08/2022,1.1651,14
2787,31/08/2022,1.1625,14
2788,01/09/2022,1.1534,14
2789,02/09/2022,1.1509,14
2790,05/09/2022,1.1516,14
2791,06/09/2022,1.153,14
2792,07/09/2022,1.1495,14
2793,08/09/2022,1.1482,14
2794,09/09/2022,1.1589,14
2795,12/09/2022,1.1709,14
2796,13/09/2022,1.1524,14
2797,14/09/2022,1.1565,14
2798,15/09/2022,1.1481,14
2799,16/09/2022,1.142,14
2800,19/09/2022,1.1418,14
2801,20/09/2022,1.1384,14
2802,21/09/2022,1.1314,14
2803,22/09/2022,1.1264,14
2804,23/09/2022,1.0859,14
2805,26/09/2022,1.0681,14
2806,27/09/2022,1.0816,14